Nome Escola,IDHM
ISABEL VIEIRA DE SERPA E PAIVA PROFESSORA,0.6877894736842105
BENEDITO TOLOSA PROFESSOR,0.7738823529411765
TAUNAY VISCONDE DE,0.7406666666666667
LUIZ GONZAGA RIGHINI PROFESSOR,0.7406666666666667
PAULO SETUBAL,0.7406666666666667
FRONTINO GUIMARAES,0.7916428571428572
PAULO EGYDIO DE OLIVEIRA CARVALHO SENADOR,0.7743658536585366
TOLEDO BARBOSA,0.75025
HORACIO LAFER MINISTRO,0.7743658536585366
OCTAVIO MENDES DOUTOR,0.7916428571428572
FLORINDA CARDOSO PROFESSORA,0.7743658536585366
AFRANIO PEIXOTO,0.75025
ANESIA SINCORA PROFESSORA,0.75025
JOAO VIEIRA DE ALMEIDA,0.7743658536585366
HOMEM DE MELLO BARAO,0.7916428571428572
BUENOS AIRES,0.7916428571428572
EURICO FIGUEIREDO PROF,0.71225
SEBASTIAO DE SOUZA BUENO PROF,0.6898333333333333
DAVID EUGENIO DOS SANTOS PROF,0.6898333333333333
JULIO PESTANA,0.82375
SILVA JARDIM,0.82375
MIGUEL VIEIRA FERREIRA DR,0.6898333333333333
ARNALDO BARRETO,0.7186301369863014
SAO PAULO,0.7932222222222223
ROMAO PUIGARI,0.7932222222222223
ANDRE XAVIER GALLICHO PROFESSOR,0.8404444444444444
ANTONIO FIRMINO DE PROENCA PROF,0.8404444444444444
EDUARDO PRADO,0.7932222222222223
ARMANDO ARAUJO,0.8404444444444444
PAULO LUIG FREI,0.7061666666666667
PANDIA CALOGERAS,0.8404444444444444
OSWALDO CRUZ,0.8404444444444444
DOMINGOS FAUSTINO SARMIENTO,0.7932222222222223
CARLOS DE CAMPOS ETEC,0.7932222222222223
CAMARGO ARANHA PROF ETEC,0.8404444444444444
ANCHIETA PADRE,0.7932222222222223
JOSE ROCHA MENDES ETEC,0.7622432432432432
JULIA MACEDO PANTOJA PROFESSORA,0.7622432432432432
JOAO CLIMACO DA SILVA KRUSE PROFESSOR,0.7838
ERASMO BRAGA,0.7838
CONGONHAS DO CAMPO VISCONDE DE,0.7838
PAULO NOVAES DE CARVALHO PROFESSOR,0.7838
MARTIN LUTHER KING ETEC,0.7838
JOSE MARQUES DA CRUZ PROFESSOR,0.75255
ANTONIO CANDIDO BARONE,0.75255
ASCENDINO REIS PROFESSOR,0.7838
OSWALDO CATALANO,0.7838
ORVILLE DERBY,0.75255
MARIA LOURDES N ALBERGARIA PROFA,0.7768928571428572
BERNARDO RODRIGUES NOGUEIRA DOM,0.7768928571428572
ANTAO PADRE,0.7647179487179487
INFANTE DOM HENRIQUE,0.7768928571428572
FILOMENA MATARAZZO CONDESSA,0.6940000000000001
BENEDITA DE REZENDE PROFESSORA,0.6940000000000001
ESTELA BORGES MORATO,0.6355454545454545
MAXIMO DE MOURA SANTOS PROFESSOR,0.6934166666666667
SHINQUICHI AGARI,0.6687931034482758
GERALDO DOMINGOS CORTEZ PROFESSOR,0.7070833333333333
ASCANIO DE AZEVEDO CASTILHO PROF,0.7313061224489796
APPARECIDA RAHAL PROFESSORA,0.7070833333333333
LINA DA COSTA COUTO PROFA,0.7070833333333333
LUZIA DE QUEIROZ E OLIVEIRA PROFA,0.7313061224489796
ALVARES DE AZEVEDO,0.7070833333333333
MARIA DA CONCEICAO OLIVEIRA COSTA PROFESSORA,0.7070833333333333
BALBINA NETTO VELLOSO PROFA,0.6457368421052632
THALES CASTANHO DE ANDRADE PROFESSOR,0.7070833333333333
ANHANGUERA,0.884
PEREIRA BARRETO,0.884
ANTONIO PRADO CONSELHEIRO,0.7996666666666666
CANUTO DO VAL,0.6977058823529412
PEDRO II,0.7996666666666666
JOSE CANDIDO DE SOUZA,0.8977
ZULEIKA DE BARROS MARTINS FERREIRA PROFESSORA,0.8977
DEODORO MARECHAL,0.6977058823529412
ALARICO SILVEIRA DOUTOR,0.7996666666666666
MISS BROWNE,0.8977
BASILIDES DE GODOY PROF ETEC,0.7177777777777777
PRUDENTE DE MORAES,0.6977058823529412
EMILIANO AUGUSTO CAVALCANTI DE ALBUQUERQUE E MELO,0.9175
FERNAO DIAS PAES,0.9245555555555556
GUARACY SILVEIRA ETEC,0.9245555555555556
ANTONIO ALVES CRUZ PROFESSOR,0.9245555555555556
MARINA CINTRA PROFESSORA,0.9056666666666667
LUDOVINA CREDIDIO PEIXOTO,0.9119565217391304
ARCY MAJOR,0.8719285714285715
MARIA JOSE,0.7865333333333333N
FABIANO LOZANO MAESTRO,0.8719285714285715
FLORIANO MARECHAL,0.8719285714285715
CAETANO DE CAMPOS CONSOLACAO,0.9056666666666667
CECILIANO JOSE ENNES PROFESSOR,0.9119565217391304
ALFREDO BRESSER,0.9245555555555556
ARISTIDES DE CASTRO,0.9119565217391304
ESC PART MON PETIT B R I,0.7865333333333333N
CEI INDIR JORGE JONES,0.6687931034482758
CR P CONV EMILIA INES,0.6652340425531914
DANIEL PAULO VERANO PONTES PROFESSOR,0.734
CR P CONV ESTRELA DO AMANHA,0.7186301369863014
ALBERTO TORRES,0.846625
CR P CONV JARDIM DAS ARAUCARIAS,0.65409375
ESCOLA NOVA ACAO,0.7521153846153846
CEI INDIR PICOLO,0.75255
ESCOLA DO BAIRRO,0.8719285714285715
COLEGIO NOVA EPOCA UNIDADE II,0.7406666666666667
ADOLFINO DE ARRUDA CASTANHO PROFESSOR,0.734
CR P CONV UNIAO DE VILA NOVA II,0.6934166666666667
CR P CONV FRANCISCO RODRIGUES,0.75255
ESC PART TALK KIDS,0.9293750000000001
DEMOSTHENES MARQUES PROFESSOR,0.7586224489795919
ADELINA ISSA ASHCAR,0.8016
JULIO DE MESQUITA FILHO,0.7521153846153846
ITAUNA VISCONDE DE,0.7521153846153846
ROOSEVELT PRESIDENTE,0.8025833333333333
CENTRO EDUCACIONAL REINO ENCANTADO,0.7062075471698114
GETULIO VARGAS ETEC,0.7521153846153846
ESCOLA INICIATIVA,0.8022272727272728
SEMINARIO NOSSA SENHORA DA GLORIA,0.7521153846153846
JOSE ESCOBAR PROFESSOR,0.7521153846153846
FRANCISCO DE ASSIS REYS,0.7521153846153846
ESC PART ESCOLA RAIO DE LUZ,0.7521153846153846
OSCAR THOMPSON,0.8016
GOMES CARDIM PROFESSOR,0.8016
ALEXANDRE DE GUSMAO,0.7521153846153846
CR P CONV DOCE INFANCIA IV,0.71225
VOVO IRMA,0.75255
RAUL FONSECA,0.8022272727272728
UNIEPRE,0.82375
ESCOLA DE CAPACITACAO PROFISSIONAL BOA VONTADE,0.6977058823529412
NOVA ESCOLA BRASIL,0.659
HELENA LEMMI PROFESSORA,0.8022272727272728
ESC PART SALAME MINGUE BERCARIO N E I,0.8719285714285715
IBRAP INSTITUTO BRASILEIRO DE PAISAGISMO,0.9056666666666667
ESC PART ATELIE CARAMBOLA ESCOLA DE INFANCIA,0.8719285714285715
CR P CONV JOSEPHINA SANTOS MAIA,0.75025
CARLOS AUGUSTO DE FREITAS VILLALVA JUNIOR DOUTOR,0.7381052631578948
ESC PART MUTSUMI YOTIEN,0.8719285714285715
COLEGIO PRAXIS UNIDADE JABAQUARA,0.7381052631578948
ESC PART FREITAS MOURA COLEGIO,0.7406666666666667
CR P CONV DOS ANJOS,0.7521153846153846
BARROSO ALMIRANTE,0.7381052631578948
BRASILIO MACHADO,0.8719285714285715
CR P CONV SEMENTINHA DA ESPERANCA,0.6898333333333333
COLEGIO ANGLO SAO PAULO,0.9056666666666667
CR P CONV MARGARIDA BRITO FARIAS SILVA,0.678825
CR P CONV TRANSFORMANDO VIDAS,0.7521153846153846
LASAR SEGALL,0.8719285714285715
MAPLE BEAR CANADIAN SCHOOL GRANJA JULIETA,0.8737777777777778
TEIA MULTICULTURAL ESCOLA DE ENSINO FUNDAMENTAL E MEDIO,0.8977
COLEGIO AUGUSTO MOREIRA,0.7916428571428572
MARIA PETRONILA LIMEIRA DOS MILAGRES MONTEIRO PROFESSORA,0.8737777777777778
ESCOLA CONCEPT,0.9293750000000001
ESCOLA GAIA EDUCA TEA,0.8113181818181818
LEOPOLDO SANTANA PROFESSOR,0.678825
JUVENTINA PATRICIA SANT ANA PROFESSORA,0.7202738095238095
CR P CONV ESPADINHA DE OURO,0.6678125
ESC PART PROGRESSO EIRELI - ME B E I,0.8022272727272728
ESCOLA CASTELO BERCARIO E EDUCACAO INFANTIL,0.7521153846153846
CEI INDIR ITAQUERA I,0.7070833333333333
CR P CONV CONCORDIA II,0.659
CR P CONV NUCLEO DO SABER,0.7743658536585366
CR P CONV CORUJINHA I,0.846625
CR P CONV CANTINHO DO SABER,0.7313061224489796
PAULO EIRO,0.8737777777777778
CR P CONV PRIMEIRO LAPIS II,0.7618666666666667
GREEN APPLE SCHOOL,0.8719285714285715
ALBERTO CONTE PROFESSOR,0.8737777777777778
LUIZ GONZAGA PINTO E SILVA PROFESSOR,0.7259758064516129
CR P CONV OLGA LOPES MALAGRINE,0.6977058823529412
CR P CONV LYGIA FAGUNDES TELLES,0.7406666666666667
CR P CONV ANDROS,0.697060606060606
ESC PART LITTLE BEE BERCARIO E ED INF BILLINGUE,0.7177777777777777
CRESCENTE BABY,0.7473157894736842
CR P CONV DIAMANTES,0.7932222222222223
CR P CONV VINICIUS DE MORAES,0.7644782608695652
BEATRIZ LOPES PROFA,0.6845731707317073
ESC PART SAFE STEP - UNIDADE BABY,0.8016
ESC PART SAFE STEP - UNIDADE KIDS,0.8016
ESC PART PRIMETIME CHILD DEVELOPMENT,0.7473157894736842
CR P CONV MONTEIRO LOBATO,0.7406666666666667
CR P CONV PEQUENOS PASSOS,0.82375
CEI INDIR ANTONIO JOAO DE MEDEIROS,0.6652340425531914
CR P CONV CIRANDA INFANTIL,0.7313061224489796
CR P CONV JOAO FERNANDES VII,0.7070833333333333
CR P CONV CANTINHO DA LOTUS,0.7586224489795919
CEI INDIR JARDIM HELENA I,0.6355454545454545
DUARTE LEOPOLDO E SILVA DOM,0.83005
ESC PART MAMAE CORUJA E E I,0.8016
BERCARIO SKEKINAH UNIDADE COLINHO,0.7521153846153846
ESC PART ECO EDUCACAO INFANTIL E BERCARIO,0.7473157894736842
CR P CONV JARDIM EBENEZER IRMAOS NATALI,0.9293750000000001
CEI INDIR PERUS I,0.6678125
ESC PART BERCARIO CONCEITO,0.8593
ESCOLA CIRCULAR,0.8719285714285715
CR P CONV CORUJINHA IV,0.7618666666666667
CR P CONV SONHO MEU,0.7259758064516129
CR P CONV LUZ DA ESPERANCA,0.7061666666666667
CR P CONV SEMENTINHA DA VIDA,0.7062075471698114
CR P CONV EBENEZER,0.7932222222222223
ESC PART FLORESCER ESCOLA,0.7521153846153846
CALIANDRA ME,0.7521153846153846
CEI INDIR TATUAPE,0.7838
ESC PART CRIANDO E APRENDENDO N R I,0.8016
O MUNDO DE LUIZA EEI,0.7177777777777777
MAPLE BEAR CANADIAN SCHOOL SAO MIGUEL PAULISTA EEI,0.6934166666666667
PROZ,0.7070833333333333
CR P CONV ABELHA BELINHA,0.6652340425531914
CR P CONV GUADALUPE,0.6457368421052632
ESC PART ESPACO EDUCARE,0.884
ESCOLA GIRASSOL IPIRANGA,0.7521153846153846
CR P CONV VITORIA,0.7473157894736842
ESC PART BRINCARTE B R I,0.9293750000000001
COLEGIO PETER PAN,0.7521153846153846
CR P CONV CANTINHO IRMAOS NATALI,0.7865333333333333N
ESC PART PEQUENOS PRODIGIOS ESCOLA,0.7070833333333333
PUZZLE EDUCACAO BILINGUE MULTICULTURAL,0.8113181818181818
CR P CONV DESENHANDO O AMANHA,0.7313061224489796
ESC PART PEQUENO EINSTEIN COLEGIO,0.7381052631578948
ESC PART PITANGATU ESCOLA,0.8113181818181818
ESC PART ESCOLA LENDAS E PARLENDAS E I,0.8113181818181818
EMEI MARECHAL TITO,0.6652340425531914
ESC PART TTWICE E E I,0.9336666666666668
ESC PART NUCLEO EDUCACIONAL KAIROS,0.6457368421052632
CR P CONV PRIMEIRO LAPIS III,0.7618666666666667
CENTRO DE ENSINO GRAU TECNICO UNIDADE BRAS,0.7932222222222223
CR P CONV ASAS DE ALGODAO,0.75255
PARQUE JARDIM HELENA,0.6355454545454545
ESC PART BERCARIO PLAYTECA,0.8719285714285715
COLEGIO CAMINHOS E COLINAS,0.6890508474576271
ESC PART DELLA NOCCE E E I,0.8719285714285715
CR P CONV JULIA SAPUCAIA,0.6457368421052632
CENTRO DE ENSINO GRAU T LARGO 13 DE MAIO,0.8737777777777778
CR P CONV SAO MIGUEL ARCANJO,0.678825
CENTRO DE ENSINO GRAU TECNICO UNIDADE ANHANGABAU,0.9056666666666667
ESCOLA LUMINOVA UNIDADE BOM RETIRO,0.6977058823529412
ESCOLA ADVENTISTA DE VILA MATILDE UNIDADE II,0.7768928571428572
ESC PART IDE ESCOLA DE DESENVOLVIMENTO INFANTIL,0.6845731707317073
CR P CONV CARACOL,0.7062075471698114
RED HOUSE INTERNACIONAL SCHOOL UNIDADE II,0.8593
ESCOLA TECNICA FAT,0.6977058823529412
ESCOLA LUMINOVA,0.7622432432432432
ESC PART VILLA AMORE COLEGIO,0.7622432432432432
COLEGIO CARPE DIEM OBJETIVO MOOCA,0.8404444444444444
COLEGIO GERACAO CONQUISTA,0.83005
CR P CONV ALECRIM DOURADO,0.6877894736842105
CR P CONV CANTINHO DA IMAGINACAO,0.8977
CENTRO EDUCACIONAL A,0.7838
CR P CONV SEMENTINHA,0.7586224489795919
CR P CONV ESTACAO ALEGRIA,0.7586224489795919
CR P CONV BRINCARTE,0.7521153846153846
INSTITUTO FILADELFIA,0.8737777777777778
CR P CONV KURT LENHARD,0.6977058823529412
CR P CONV LUZIA BEZERRA II,0.659
ESCOLA MAPLE BEAR CANADIAN SCHOOL MORUMBI PAINEIRAS,0.7618666666666667
SP ESCOLA DE TEATRO,0.7932222222222223
CR P CONV QUATRO PILARES DA EDUCACAO III,0.7070833333333333
CR P CONV PRIMAVERA,0.7313061224489796
ESC PART -MEU LIMAO MEU LIMOEIRO U E,0.7521153846153846
ESCOLA SHEKINAH UNIDADE ENSINO FUNDAMENTAL,0.7521153846153846
CR P CONV APRENDENDO BRINCANDO,0.6355454545454545
CR P CONV JARDIM SANTA ETELVINA,0.659
CR P CONV SAO DOMINGOS,0.7865333333333333N
CR P CONV ARCO IRIS,0.8016
CR P CONV PEDACINHO DO CEU,0.8025833333333333
CR P CONV MUNDO FELIZ,0.7996666666666666
CR P CONV PRINCESA THAYNNA,0.7259758064516129
CR P CONV RENASCER,0.7644782608695652
ESC PART ALEXANDRA COLEGIO,0.7586224489795919
ESC PART LIVING SCHOOL VIVENCIA INFANTIL BILINGUE LTDA ME,0.7473157894736842
BILINGUAL DEVELOPMENT SCHOOL,0.8719285714285715
ESC PART COLORIDO BEIJA-FLOR E E I,0.8737777777777778
CR P CONV ANA PAULA ANDRADE,0.65409375
COLEGIO LICEO SANTO AMARO ABADE,0.8737777777777778
ESCOLA CRESCENTE,0.7473157894736842
ESC PART JARDIM BELA VISTA BERCARIO,0.7865333333333333N
CR P CONV VIVA,0.6940000000000001
EMEI LAJEADO II,0.6457368421052632
COLEGIO JARDIM NOVA JORNADA EIRELI,0.82375
POLO DE APOIO PRESENCIAL COLEGIO NOVE DE JULHO UNIDADE III,0.8737777777777778
INSTITUTO DE ENSINO YESHIVA TMIMIM,0.6977058823529412
MAPLE BEAR CANADIAN SCHOOL SAO MIGUEL,0.6934166666666667
COLEGIO NEGREIROS UNIDADE II,0.6652340425531914
ESC PART EDUCANDARIO MODELO III,0.8977
ESC PART RL KIDS PRIMEIRA INFANCIA,0.697060606060606
ESCOLA BILINGUE PUERI DOMUS UNIDADE III PERDIZES,0.8977
ESC PART HAPPY DAY ESCOLA,0.8719285714285715
ESC PART BEE KIDS ESCOLA,0.9119565217391304
ESC PART BAOBA BRASIL ESCOLA,0.7521153846153846
ESC PART COLEGIO SANTA JULIA BABY,0.7743658536585366
CEU AT COM NOVO MUNDO,0.7743658536585366
ESC PART CARROSSEL FELIZ E E I,0.6898333333333333
CEU AT COM MONTE SERRAT,0.7838
CEU CEMEI MONTE SERRAT,0.7838
CEU AT COM HORIZONTE AZUL,0.7838
CR P CONV ZE COLMEIA,0.7521153846153846
COLEGIO RECREAR,0.75255
MAPLE BEAR CANADIAN SCHOOL MORUMBI PANAMBY,0.7473157894736842
ESCOLA INTERNACIONAL DO IPIRANGA,0.7521153846153846
CCA SANTO ANTONIO II,0.7070833333333333
CENTRO EDUCACIONAL A MAR,0.8022272727272728
ESC PART AFFECTIO MATER ESCOLA,0.75255
ESC PART CDB - CENTRO DE DESENVOLVIMENTO PARA BEBES,0.8737777777777778
NUCLEO EDUCACIONAL CALIANDRA,0.7521153846153846
CENTRO DE ENSINO GRAU TECNICO UNIDADE VILA MARIA,0.7743658536585366
ESC PART FADELITO CAMPO BELO,0.8113181818181818
ESC PART WINDOWE BILINGUAL SCHOOL,0.9293750000000001
ESC PART CUBE CHILD ACADEMY,0.82375
ESC PART PALAVRA VIVA COLEGIO,0.7916428571428572
CR P CONV VOVO DEDE,0.6940000000000001
ESC PART PEQUENO URSO,0.7177777777777777
ESC PART COLEGIO IREI,0.884
ESC PART ESCOLA JARDINS,0.9056666666666667
CR P CONV TIA NARA,0.7622432432432432
CR P CONV CARINHA DE ANJO,0.7186301369863014
CR P CONV ESTRELINHAS DO FUTURO III,0.6687931034482758
CR P CONV BEM QUERER III,0.659
CR P CONV ELOHIM,0.7061666666666667
ESCOLA SENAI DR CELSO CHARURI UNIDADE BOM RETIRO,0.6977058823529412
CR P CONV IMMANUEL,0.7586224489795919
CR P CONV PEQUENAS ESTRELAS IV,0.7186301369863014
CR P CONV JOSE HO PADRE,0.6977058823529412
CR P CONV MENSAGEM DE PAZ TERESA LISIEUX,0.7916428571428572
APRIMORAR EDUCACIONAL,0.884
COLEGIO HELENA DE CASTRO,0.7916428571428572
MONICA S INTERNATIONAL SCHOOL MONTESSORI,0.8737777777777778
COLEGIO EVANGELICO DE ITAQUERA,0.7070833333333333
RED HOUSE INTERNATIONAL SCHOOL VILLA LOBOS,0.7177777777777777
ESCOLA NOVA LOURENCO CASTANHO,0.8737777777777778
ESC PART COLEGIO BRASIL CANADA - UNIDADE PINHEIROS,0.9245555555555556
ESC PART MAPLE BEAR CANADIAN SCHOOL CLUBE PAINEIRAS DO MORUMBY,0.7618666666666667
ESPACO EKOA,0.846625
COLEGIO BELA VISTA UNIDADE II,0.7865333333333333N
ESCOLA MAIS EDUCACAO SA,0.7814411764705882
ESCOLA MAIS UNIDADE VILA ANDRADE,0.7473157894736842
ESC PART BLUEBE SCHOOL,0.9175
ESCOLA DE CURSOS TECNICOS E PROFISSIONALIZANTES AGAPHE,0.71225
ESC PART ESCOLA VIVART,0.8719285714285715
ESC PART CASTELO PEQUENO MUNDO E E I,0.6355454545454545
JOAO SUSSUMU HIRATA DEPUTADO,0.678825
PEDRO VIRIATO PARIGOT DE SOUZA ENGENHEIRO,0.6687931034482758
ANISIO TEIXEIRA PROFESSOR,0.7070833333333333
JOAQUIM EUGENIO LIMA NETO,0.6457368421052632
MARTIN EGIDIO DAMY,0.697060606060606
TIDE SETUBAL,0.6934166666666667
JUSTINO CARDOSO DR,0.6898333333333333
MARIA AUGUSTA SARAIVA DOUTORA,0.7865333333333333N
EURICO GASPAR DUTRA MARECHAL,0.7259758064516129
LUIZ LAZARO ZAMENHOF DR,0.6898333333333333
NELLO LORENZON,0.7546451612903226
MARIA AUGUSTA CORREA PROFESSORA,0.7062075471698114
MANOEL TABACOW HIDAL PROFESSOR,0.6890508474576271
OTTO DE BARROS VIDAL PROFESSOR,0.6877894736842105
ANTONIO PEREIRA LIMA DR,0.65409375
ESCOLA DE APLICACAO DA FACULDADE DE EDUCACAO DA USP,0.846625
MARIA DE LOURDES ALMEIDA SINISGALLI PROFA,0.65409375
RUTH CABRAL TRONCARELLI PROFESSORA,0.7070833333333333
EMEI ANGELO MARTINO,0.7865333333333333N
EMEI ALCEU MAYNARD DE ARAUJO PROF,0.6977058823529412
EMEI MONTE CASTELO,0.846625
EMEI ABELARDO GALDINO PINTO - PIOLIN,0.7738823529411765
EMEI JOAO THEODORO,0.6977058823529412
EMEI FEIJO REG,0.8016
EMEI ARMANDO DE ARRUDA PEREIRA,0.8081666666666667
EMEI GABRIEL PRESTES,0.9056666666666667
EMEI PATRICIA GALVAO,0.9056666666666667
EMEI PEDRO I D,0.7521153846153846
EMEI MILTON IMPROTA PROF,0.7521153846153846
EMEI TIDE SETUBAL,0.9119565217391304
EMEI ALBERTO DE OLIVEIRA,0.8016
EMEI TAMANDARE ALM,0.8404444444444444
EMEI SANTOS DUMONT,0.8977
EMEI PEDROSO DE MORAES,0.9245555555555556
EMEI AFONSO SARDINHA,0.7411960784313726
EMEI JOSE AUGUSTO CESAR DR,0.7916428571428572
EMEI JOSE BONIFACIO DE ANDRADA E SILVA,0.7916428571428572
EMEI ANISIO TEIXEIRA,0.678825
EMEI BORBA GATO,0.8737777777777778
EMEI PAULO ALVES TTE,0.8719285714285715
EMEI OSWALDO CRUZ,0.8719285714285715
EMEI QUINTINO BOCAIUVA,0.7838
EMEI FRANCISCO ROQUETTI,0.75255
EMEI OTTILIA DE JESUS PIRES PROFA,0.71225
EMEI JOAO ORTALE PROF,0.75255
EMEI ANCHIETA PE,0.75025
EMEI ANA ROSA DE ARAUJO DA,0.8719285714285715
EMEI JOSE DUARTE,0.7313061224489796
EMEI FLORIANO PEIXOTO MAL,0.7070833333333333
EMEI AFRANIO PEIXOTO,0.6934166666666667
EMEI GRACILIANO RAMOS,0.6687931034482758
EMEF CELSO LEITE RIBEIRO FILHO,0.7865333333333333N
EMEF ARTHUR WHITAKER DES,0.7814411764705882
EMEF THEODOMIRO DIAS DES,0.7814411764705882
EMEF CECILIA MEIRELES,0.7062075471698114
EMEF CHIQUINHA RODRIGUES,0.8113181818181818
CEU EMEF CAMPOS SALLES PRES,0.7521153846153846
EMEF CACILDA BECKER,0.7381052631578948
EMEF DILERMANDO DIAS DOS SANTOS,0.7177777777777777
EMEF CAXIAS DUQUE DE,0.8025833333333333
EMEF FABIO DA SILVA PRADO DR,0.8404444444444444
EMEF CARLOS DE ANDRADE RIZZINI,0.8737777777777778
EMEF MARIO RANGEL CEL,0.678825
EMEFM LINNEU PRESTES PROF,0.8737777777777778
EMEF SYLVIA MARTIN PIRES PROFA,0.8022272727272728
EMEF MIGUEL VIEIRA FERREIRA DR,0.6845731707317073
EMEF ALMEIDA JUNIOR PROF,0.83005
EMEF ARTHUR AZEVEDO,0.7838
EMEF KENNEDY PRES,0.75255
EMEF OLIVA IRENE BAYERLEIN SILVA,0.75025
EMEF RUY BARBOSA,0.75025
EMEF ARTHUR ALVIM,0.7137083333333334
EMEF JOAO PINHEIRO PRES,0.7768928571428572
EMEF JOAO DE LIMA PAIVA PROF,0.6824848484848485
EMEF ARTUR NEIVA,0.6355454545454545
EMEF JOANA ANGELICA DE JESUS MADRE,0.6824848484848485
EMEF AYRES MARTINS TORRES,0.7070833333333333
EMEF HAROLDO VELOSO BRIG,0.7070833333333333
EMEF DANYLO JOSE FERNANDES,0.7313061224489796
EMEF AURELIO ARROBAS MARTINS PROF,0.7070833333333333
EMEF HENRIQUE RAYMUNDO DYOTT FONTENELLE BRIG,0.6877894736842105
EMEF CANDIDO PORTINARI,0.6678125
EMEF CARLOS PASQUALE PROF,0.6652340425531914
CEU EMEI INACIO MONTEIRO,0.659
CEU EMEF JAMBEIRO,0.6355454545454545
CEU EMEI THERESINHA SQUINCA DA SILVA PROFA,0.6355454545454545
CEU CEI EVANIR APARECIDA HILARIO PROFA,0.6355454545454545
CEU EMEF VILA ATLANTICA,0.6877894736842105
CEU EMEI VILA ATLANTICA,0.6877894736842105
CEU CEI VILA ATLANTICA,0.6877894736842105
CEU EMEF VILA CURUCA,0.6652340425531914
CEU EMEI APPARECIDO DOMINGUES PROF,0.6652340425531914
CEU CEI ANA LUCIA DE HOLANDA GAMBOA PROFA,0.6652340425531914
CEI INDIR BOM RETIRO,0.7996666666666666
CR P CONV OSLAVIA BRAZ LEONIS,0.8719285714285715
CR P CONV PAULO FREIRE,0.7586224489795919
CONDE DOMINGOS COLEGIO,0.7838
ALPHA CHANNEL - CENTRO DE COMPUTACAO GRAFICA,0.8719285714285715
CR P CONV GIRASSOL,0.7586224489795919
ESC PART PROGRAMA ASSISTENCIAL LUZ E LAPIS,0.8737777777777778
REDE DECISAO UNIDADE ANALIA FRANCO,0.7937142857142857
ESC PART EDUCARE E E I,0.7070833333333333
ESCOLA DE TERAPIAS ORIENTAIS DE SAO PAULO,0.8025833333333333
EMEF SEBASTIAO FRANCISCO O NEGRO,0.7313061224489796
EMEF LUIZ GONZAGA DO NASCIMENTO JR - GONZAGUINHA,0.7521153846153846
EMEF ELZA MAIA COSTA FREIRE PROFA,0.7202738095238095
EMEFM DERVILLE ALLEGRETTI PROF,0.7916428571428572
CENTRO DE ATEND SOCIO-EDUC AO ADOLESCENTE - UIP-9,0.7932222222222223
EMEI MARINA NOGUEIRA DE SOUZA MARTINS,0.7834210526315789
EMEI JOSE ROBERTO DE CASTRO RIBEIRO PROF,0.659
EMEI DULCE SALLES FERRAZ PROFA,0.659
EMEF OLINDA MENEZES SERRA VIDAL PROFA,0.659
EMEBS NEUSA BASSETTO PROFA,0.8404444444444444
SANDRA RODRIGUES DE OLIVEIRA,0.6652340425531914
EMEI LAUDO FERREIRA DE CAMARGO,0.7381052631578948
EMEI SYLVIA VARONI DE CASTRO PROFA,0.7070833333333333
EMEI DALMO DO VALLE NOGUEIRA DES,0.7814411764705882
EMEI BARBARA HELIODORA GUILHERMINA DA SILVEIRA,0.6581499999999999
EMEI CARLOTA PEREIRA DE QUEIROZ,0.659
EMEI MARGARIDA MARIA ALVES,0.659
EMEF MAURICIO GOULART,0.659
EMEF VLADIMIR HERZOG,0.659
EMEFM OSWALDO ARANHA BANDEIRA DE MELLO,0.659
EMEI ADONIRAN BARBOSA,0.659
EMEI ALFREDO DA ROCHA VIANA FILHO - PIXINGUINHA,0.7062075471698114
EMEI ELISA KAUFFMANN ABRAMOVICH,0.659
EMEI KLAUS REINACH ENG,0.659
EMEF AURELIANO LEITE,0.659
EMEF JOSE AUGUSTO CESAR SALGADO DR,0.659
EMEI ALIOMAR BALEEIRO MIN,0.6355454545454545
EMEF GERALDO SESSO JUNIOR,0.697060606060606
EMEF EDA TEREZINHA CHICA MEDEIROS PROFA,0.7162258064516129
EMEF JOSE ERMIRIO DE MORAIS SEN,0.6355454545454545
EMEF JOSE HONORIO RODRIGUES,0.6652340425531914
BERNARDINO DE CAMPOS DOUTOR COLEGIO,0.7738823529411765
ESCOLA CORUJINHA FELIZ,0.7738823529411765
CENTENARIO COLEGIO,0.7738823529411765
LICEU CARVALHO PINTO EIFM,0.7738823529411765
IMPERATRIZ LEOPOLDINA COLEGIO,0.7916428571428572
COLEGIO MARILLAC,0.7916428571428572
MONTEIRO LOBATO COLEGIO,0.7834210526315789
SANTANA COLEGIO EIFM,0.7916428571428572
SAINT LUCAS COLEGIO,0.7916428571428572
AMORIM SANTA TERESA COLEGIO,0.75025
SAO TEODORO DE NOSSA SENHORA DE SION ESCOLA,0.7743658536585366
SAO PAULO DA CRUZ COLEGIO PASSIONISTA,0.82375
ADVENTISTA DE TUCURUVI COLEGIO,0.7916428571428572
PASSIONISTA SANTA GEMA COLEGIO,0.7186301369863014
SANTA CATARINA COLEGIO,0.8404444444444444
ESC PART LEAO XIII C E CULTURAL,0.8404444444444444
SAO JUDAS TADEU COLEGIO,0.8404444444444444
SAO RAFAEL EXTERNATO,0.8404444444444444
SANTA MARIA ESCOLA,0.7061666666666667
JOAO XXIII COLEGIO,0.7622432432432432
CIVITATIS COLEGIO,0.7622432432432432
CEI INDIR NERIVALDO LEAL,0.7313061224489796
COLEGIO SANTA AMALIA MAPLE BEAR ENSINO BILINGUE,0.7838
ESPIRITO SANTO COLEGIO,0.7838
SANTO ANTONIO DE LISBOA COLEGIO,0.7838
ALVORADA COLEGIO,0.75255
ANHEMBI COLEGIO,0.75255
NOSSA SENHORA SAGRADO CORACAO EXTERNATO,0.75255
NOSSA SENHORA DO SAGRADO CORACAO COLEGIO,0.75255
SAO JOSE DE VILA MATILDE ESCOLA,0.7768928571428572
VILA MATILDE COLEGIO ADVENTISTA DE,0.7768928571428572
SESI 074 CENTRO EDUCACIONAL,0.6940000000000001
SOUZA LOPEZ COLEGIO,0.6652340425531914
SANTA INES COLEGIO DE,0.6977058823529412
SANTO EDUARDO EXTERNATO,0.6977058823529412
SESI 414 CENTRO EDUCACIONAL,0.7177777777777777
CAMPOS SALLES COLEGIO UNIDADE I,0.884
FLAMINGO COLEGIO,0.884
PAULA MONTALT MADRE COLEGIO,0.7177777777777777
ESC PART MUNDO DA CRIANCA E E I,0.884
BATISTA BRASILEIRO COLEGIO,0.8977
SANTA MARCELINA COLEGIO,0.8977
SAO DOMINGOS COLEGIO,0.8977
ESC PART GATO XADREZ ESCOLA,0.8977
BAKHITA ESCOLA,0.8977
ESC PART PERDIZES AGNUS DEI ESCOLA,0.8977
OSWALDO CRUZ COLEGIOS INTEGRADOS PAIS LEME,0.7996666666666666
OSWALDO CRUZ ESCOLA TECNICA,0.7996666666666666
JOSE BONIFACIO EXTERNATO,0.6977058823529412
OBJETIVO CENTRO INTERESCOLAR UNIDADE PAULISTA,0.7865333333333333N
EQUIPE COLEGIO,0.8593
JOAO E RAPHAELA PASSALACQUA COLEGIO,0.7865333333333333N
BELA VISTA COLEGIO,0.7865333333333333N
COLEGIO ASSUNCAO,0.9293750000000001
DANTE ALIGHIERI COLEGIO,0.9293750000000001
SAO LUIS COLEGIO EIFM,0.8719285714285715
PAULISTA DE AGRIMENSURA ESCOLA,0.7743658536585366
LUBAVITCH INSTITUTO DE ENSINO,0.6977058823529412
MORUMBI ESCOLA UNIDADE I,0.9119565217391304
ESC PART MEU CASTELINHO E E I,0.9119565217391304
NOSSA SENHORA DAS GRACAS ESCOLA,0.9119565217391304
DOM RATINHO ESCOLA EDUC INFANTIL,0.9293750000000001
CENTRO INTERESCOLAR OBJETIVO UNIDADE TEODORO,0.9245555555555556
PALMARES COLEGIO EFM,0.9245555555555556
SANTA CRUZ COLEGIO,0.9175
STELLA MARIS COLEGIO SOC INSTRUCAO E BENEFICENCIA,0.9245555555555556
ELLOS COLEGIO,0.75255
ALDEIA EXTERNATO,0.9245555555555556
BANDEIRANTES COLEGIO EFM,0.8719285714285715
BENJAMIN CONSTANT COLEGIO,0.8719285714285715
CRISTO REI COLEGIO,0.8719285714285715
MADRE CABRINI COLEGIO EEIFM,0.8719285714285715
ITAMARATY INSTITUTO EDUCACIONAL,0.8719285714285715
ESCOLA SHEKINAH UNIDADE VILA MARIANA,0.8719285714285715
JOANA D ARC COLEGIO,0.846625
ESC PART PONTO DE PARTIDA E E I,0.846625
GRADUADA DE SAO PAULO ASSOCIACAO ESCOLA,0.7473157894736842
FRIBURGO COLEGIO,0.8737777777777778
ESSENCIA EQUIPE DE ENSINO,0.8113181818181818
COLEGIO NOSSA SENHORA DO MORUMBI,0.7473157894736842
BEATISSIMA VIRGEM MARIA INSTITUTO DE EDUCACAO,0.8737777777777778
NOSSA SENHORA APARECIDA COLEGIO FRANCISCANO,0.9336666666666668
CARNEIRO RIBEIRO PROF COLEGIO,0.8022272727272728
PAULICEIA COLEGIO,0.8113181818181818
JARDIM DA GLORIA EXTERNATO,0.8016
NOSSA SENHORA DA GLORIA COLEGIO MARISTA,0.8016
COLEGIO DR WALTER BELIAN,0.8016
SESI 111 CENTRO EDUCACIONAL,0.7521153846153846
SAO FRANCISCO XAVIER COLEGIO,0.7521153846153846
MARIA IMACULADA COLEGIO DR PIERO ROVERSI,0.7521153846153846
SAO JOSE DOS PADRES DE SION COLEGIO,0.7521153846153846
JULIO VERNE COLEGIO,0.8025833333333333
FECAP COLEGIO,0.8025833333333333
ADVENTISTA DA LIBERDADE COLEGIO,0.8025833333333333
ARQUIDIOCESANO DE SAO PAULO COLEGIO MARISTA,0.8719285714285715
NOSSA SENHORA DO ROSARIO COLEGIO,0.8719285714285715
COLEGIO ANGLO CHACARA SANTO ANTONIO,0.8737777777777778
JESUS MARIA JOSE COLEGIO,0.8737777777777778
SAO LUIZ DE GONZAGA COLEGIO,0.7259758064516129
ELLEN G WHITE ADVENTISTA COLEGIO,0.678825
COLEGIO ADVENTISTA DE PEDREIRA,0.6890508474576271
UNASP SAO PAULO ADVENTISTA COLEGIO,0.678825
PRAXIS COLEGIO,0.8737777777777778
A EINSTEIN COLEGIO,0.6845731707317073
ALMEIDA SANTOS ESCOLA,0.7070833333333333
DOMUS VIVENDI COLEGIO,0.7070833333333333
CENTRO ATEND SOCIOEDUC ADOLESCENTE VILA GUILHERME CI,0.7855555555555556
QUALITATIVO COLEGIO,0.6652340425531914
MADRID COLEGIO,0.82375
RAIZES COLEGIO,0.7313061224489796
DOMINANTE COLEGIO,0.75025
COLEGIO HORIZONTES,0.9245555555555556
VACCARO COLEGIO,0.6877894736842105
DELTA COLEGIO,0.7916428571428572
COLEGIO IEBB EIRELI,0.7186301369863014
SAO PAULO COLEGIO,0.82375
AGNUS DEI COLEGIO,0.7622432432432432
TIETE COLEGIO,0.6959318181818182
JOSE DE PAIVA NETTO INSTITUTO DE EDUCACAO,0.6977058823529412
PUERI MUNDI COLEGIO,0.8977
OSHIMAN COLEGIO,0.8719285714285715
JARDIM SAO PAULO UNIDADE TREMEMBE COLEGIO,0.82375
CENTRO EDUCACIONAL LEONHARD EULER CELE,0.82375
ALFREDO CASTRO DOUTOR COLEGIO,0.8977
ESC PART PATOTINHA DA TIA GABRIELA,0.8737777777777778
GAIVOTA I ESCOLA,0.9336666666666668
VICENTINO PADRE CHICO COLEGIO,0.7521153846153846
CEI DIRET VILA CURUCA II,0.6687931034482758
CEU CEI SILVANA APARECIDA TOBIAS PROFA,0.6457368421052632
EMEF PHILO GONCALVES DOS SANTOS PROFA,0.6678125
CEU EMEI EDNA ALVES DE SOUSA PROFA,0.6457368421052632
GIORDANO BRUNO COLEGIO,0.9245555555555556
DOM BOSCO COLEGIO,0.7406666666666667
PENHA DE FRANCA COLEGIO,0.7647179487179487
ESC PART ESCOLA PE PEQUENO DE ED INF,0.8404444444444444
ANNA TAVARES COLEGIO EIEPG,0.6678125
STANCE DUAL SCHOOL,0.7865333333333333N
REDE DECISAO UNIDADE SAUDE,0.8022272727272728
ESC PART BERGAMO ESCOLINHA,0.7865333333333333N
PAULO DE TARSO COLEGIO,0.8016
O RECREIO ALEGRE ESC INF,0.7838
ST NICHOLAS ESCOLA ANGLO BRASILEIRA,0.9245555555555556
MARIA MONTESSORI COLEGIO,0.7381052631578948
CANDIDO PORTINARI INSTITUTO EDUCACIONAL,0.6355454545454545
EMEI CELIA RIBEIRO LANDIM PROFA,0.6355454545454545
LUIZA AMERICANO COLEGIO,0.7313061224489796
ESCOLA LUMIAR,0.9245555555555556
MARANATA DE ENSINO INSTITUTO,0.7996666666666666
CR P CONV CRIANCA ESPERANCA,0.6652340425531914
CR P CONV LAR NOSSA SENHORA DA CONSOLACAO,0.9056666666666667
CEI INDIR ESPACO CRIANCA ELIAS ANTONIO ZOGBI,0.7916428571428572
ESC PART EVOLUCAO UNIDADE I,0.8593
ARTE DE CONHECER ESCOLA,0.6652340425531914
ESC PART CANTINHO DOS ANJOS EEI,0.75255
ESC PART NINHO DE GENTE C R I,0.6934166666666667
PREMEDICO COLEGIO,0.884
COLEGIO SAO CAMILO,0.7521153846153846
23 DE OUTUBRO COLEGIO,0.7202738095238095
ALVARES DE AZEVEDO POLITEC,0.8719285714285715
CRUZEIRO DO SUL COLEGIO UNIDADE II,0.6934166666666667
FRANCISCO MATARAZZO ESCOLA SENAI,0.7932222222222223
THEOBALDO DE NIGRIS ESCOLA SENAI,0.8404444444444444
BRASILIA DE SAO PAULO COLEGIO,0.75255
ELITE COLEGIO DE EIFM,0.7916428571428572
CARLITOS ESCOLA UNIDADE I,0.8593
OBJETIVO CENTRO INTERESCOLAR UNIDADE PAZ,0.8737777777777778
POLIEDRO COLEGIO,0.8719285714285715
BIT COMPANY CENTRO DE EDUCACAO PROFISSIONAL,0.8113181818181818
ATEG ESCOLA TECNICA,0.8404444444444444
GARE ESCOLA DE ARTES CRIATIVAS E DESIGN,0.8719285714285715
MONTESSORI SANTA TEREZINHA COLEGIO,0.7381052631578948
MONDRIAN COLEGIO,0.8719285714285715
RODRIGUES ALVES COLEGIO ESGES,0.8719285714285715
OBJETIVO COLEGIO I UNIDADE PINHEIROS,0.9245555555555556
LIMA GUIMARAES K COLEGIO,0.6845731707317073
CAMINHO ABERTO CENTRO DE EDUCACAO,0.8719285714285715
RECREARTE CEI ESCOLA E COLEGIO HENRI WALLON,0.8719285714285715
PANTERINHA INSTITUTO DE EDUCACAOCOLEGIO IPE,0.884
ALIADO COLEGIO UNIDADE JOAO PAULO II,0.7743658536585366
HIGH LINE SCHOOL,0.82375
PUERI DOMUS ESCOLA ITAIM UNIDADE II,0.9119565217391304
PARAISO EXTERNATO EFM,0.8719285714285715
ETAPA COLEGIO DE EFM,0.8719285714285715
SAO JERONIMO COLEGIO,0.8737777777777778
NEOLATINO COLEGIO,0.7743658536585366
ESC PART NOSSA SENHORA AUXILIADORA INSTITUTO - UNID II,0.7521153846153846
CHAPEL SCHOOL,0.8737777777777778
LUMEN VITAE COLEGIO,0.8719285714285715
PEIXINHO VERMELHO ESCOLA,0.9336666666666668
FIAP SCHOOL,0.8016
ANALISE COLEGIO UNIDADE I,0.7032727272727274
PENTAGONO COLEGIO UNIDADE MORUMBI,0.7473157894736842
ESCOLA HARMONIA,0.9293750000000001
DIVINA PROVIDENCIA EDUCANDARIO,0.7070833333333333
COLEGIO PALAVRA VIVA UNIDADE HORTO,0.7834210526315789
CENTRO EDUCACIONAL SANTA TEREZINHA,0.82375
GANI ESCOLA,0.6977058823529412
PROGRESSO COLEGIO EDUCACIONAL,0.7381052631578948
INACI COLEGIO INTEGRAL UNIDADE BRIGADEIRO,0.9293750000000001
PENTAGONO COLEGIO UNIDADE CAIUBI,0.8977
ISAAC NEWTON ESCOLA,0.7137083333333334
BRASILEIRO COLEGIO,0.7768928571428572
CAMINHANDO COLEGIO,0.7996666666666666
ESC PART GIRASSOL JARDIM ESCOLA,0.75255
ESC PART KOALA E E I,0.9293750000000001
GATO XADREZ COLEGIO,0.7838
SEMENTE ESCOLA COLEGIO BAYEUX,0.8113181818181818
VERTICE COLEGIO UNIDADE II,0.8113181818181818
CHACARA SANTO ANTONIO DE EPSG COLEGIO UNIDADE,0.8737777777777778
CRISTOVAO COLOMBO COLEGIO,0.7473157894736842
COLEGIO PARALELO,0.8737777777777778
VITAL BRASIL COLEGIO,0.7865333333333333N
COLEGIO MATER DOMUS,0.8113181818181818
AUGUSTO DOMINGUES ALVES MAIA PROF COLEGIO,0.7070833333333333
BATISTA DA PENHA COLEGIO,0.7647179487179487
14 DE JULHO COLEGIO,0.7406666666666667
ESCOLA DA VILA UNIDADE MORUMBI,0.846625
CARLOS DRUMMOND DE ANDRADE COLEGIO,0.7838
LEMA COLEGIO,0.7177777777777777
TIO JUCA E E I,0.9119565217391304
AUGUSTO LARANJA COLEGIO UNIDADE I,0.9336666666666668
GRAPHEIN COLEGIO,0.8977
POLY MASTER COLEGIO,0.8737777777777778
ARGUMENTO COLEGIO,0.6940000000000001
ABADS ESCOLA DE EDUCACAO ESPECIAL,0.75025
ESCOLA DO CENTRO REABILITACAO DA AACD,0.8404444444444444
SEVERINO FABRIANI PARA CRIANCA SURDA ESCOLA ED ESPECIAL,0.6652340425531914
ROBERTO SIMONSEN ESCOLA SENAI,0.7932222222222223
MORVAN FIGUEIREDO ESCOLA SENAI,0.8404444444444444
FELICIO LANZARA ESCOLA SENAI,0.8404444444444444
HORACIO AUGUSTO SILVEIRA ESCOLA SENAI,0.7996666666666666
MARIANO FERRAZ ESCOLA SENAI,0.7177777777777777
OSCAR RODRIGUES ALVES ESCOLA SENAI,0.7521153846153846
ADRIANO JOSE MARCHINI ENGENHEIRO ESCOLA SENAI,0.6977058823529412
ORLANDO LAVIERO FERRAIUOLO ESCOLA SENAI,0.7838
ARY TORRES ESCOLA SENAI,0.8737777777777778
JOSE VICENTE DE AZEVEDO CONDE ESCOLA SENAI,0.7521153846153846
ZERRENNER FUNDACAO ESCOLA SENAI,0.8016
ESCOLA SENAI JORGE MAHFUZ,0.7411960784313726
AMA ASSOCIACAO DE AMIGOS DO AUTISTA,0.8016
CEI INDIR SONHO DE CRIANCA C E I,0.6977058823529412
SENAC SANTANA,0.7916428571428572
SENAC VILA PRUDENTE,0.7622432432432432
SENAC LARGO TREZE,0.8737777777777778
SENAC LAPA FAUSTOLO,0.884
SENAC ITAQUERA,0.7070833333333333
SENAC PENHA,0.7647179487179487
BOM RETIRO COLEGIO,0.6977058823529412
VIP COLEGIO JARDIM TREMEMBE,0.82375
OSWALDO CRUZ ESCOLA TECNICA UNIDADE II,0.8593
VERA CRUZ ESCOLA UNIDDE III,0.7177777777777777
PASSO SEGURO COLEGIO,0.8404444444444444
CRUZ DE MALTA INSTITUTO DE EDUCACAO,0.8404444444444444
PAN TERRA COLEGIO E PRE ESCOLA,0.7137083333333334
ENCONTRO - CENTRO INT DE DESENV INF LTDA,0.8977
IDEAL SAO PAULO COLEGIO UNIDADE I E II,0.7586224489795919
ESCREVIVENDO COLEGIO,0.7313061224489796
T C A COLEGIO,0.6959318181818182
MODELO CRISTAO ESCOLA,0.884
BRIDA COLEGIO,0.6877894736842105
PROJETO VIDA ESCOLA ENSINO FUNDAMENTAL,0.7738823529411765
COLEGIO CATAMARA VITA,0.9336666666666668
RUMO INICIAL COLEGIO,0.7521153846153846
WINNICOTT COLEGIO,0.9293750000000001
COLEGIO BATISTA BRASIL VILA MARIANA,0.8719285714285715
SAINT CLAIR COLEGIO,0.7061666666666667
ESC PART DOCE FOLIA E E R I,0.6977058823529412
FILHOS DO SOL ESCOLA DE ENSINO BASICO,0.8719285714285715
ESC PART PEQUENOS PENSADORES ESCOLA,0.8719285714285715
ESC PART COPO DE LEITE ESC DE EDUC E RECR,0.7473157894736842
ESC PART GREEN BOOK ESCOLA,0.8113181818181818
JACAREZINHO E E I,0.8404444444444444
ESC PART PERALTINHAS,0.8404444444444444
ESC PART RISQUE E RABISQUE ESCOLA,0.7622432432432432
JARDIM SAO PAULO COLEGIO UNIDADE CANTAREIRA,0.82375
EEIBRINCAR DE AMARELINHA,0.7838
SAAB COLEGIO,0.7838
COLEGIO MELO ARAGAO,0.75255
CRIANDO E RINDO CCR OBJETIVO COLEGIO,0.75255
UNIAO PAULISTA COLEGIO,0.7647179487179487
VILA MATILDE COLEGIO,0.7768928571428572
COLEGIO LAURA FLORENCIO,0.6898333333333333
AMILTON DE OLIVEIRA TELLES INSTITUTO DE EDUCACAO UNIDADE II,0.6824848484848485
ESC PART DIMENSAO E E I,0.7177777777777777
ESC PART INTERMUNDI E E I,0.7738823529411765
MAGNO COLEGIO,0.8113181818181818
VITTA VIVACE COLEGIO,0.6652340425531914
SOLAR COLEGIO,0.7411960784313726
TEREZA GIL DE MOURA INSTITUTO EDUCACIONAL,0.6678125
LUX DEI COLEGIO,0.71225
DOM FELIPE COLEGIO,0.7070833333333333
ITAQUERA COLEGIO,0.7070833333333333
SAO GONCALO INSTITUTO DE EDUCACAO,0.7996666666666666
ESC PART PEQUENO GENIO REC INF,0.83005
ESC PART METODO CENTRO DE ORIENTACAO E RECR INF,0.846625
DI CAVALCANTI COLEGIO,0.6959318181818182
HABITAT PRE ESCOLA INFANTIL,0.7473157894736842
CENTRO DE RECREACAO BRINCANDO E APRENDENDO,0.8016
ESC PART VIA CONSILII,0.7521153846153846
REAL ESCOLA DE EDUCACAO INFANTIL E FUNDAMENTAL,0.7521153846153846
ESC PART JACARANDA BERCARIO E E I,0.8593
ESC PART ESPACO ABERTO EDUC INFANTIL,0.8719285714285715
ESC PART A DOCE VIDA EDUCACAO INFANTIL,0.8016
MENDES GARRIDO COLEGIO,0.7313061224489796
ESC PART CHICA BUM CENTRO DE RECR INF S C LTDA,0.7313061224489796
NOVO TEMPO COLEGIO,0.7738823529411765
COLEGIO SILVIO GONZALEZ UNIDADE I,0.7406666666666667
COLEGIO NOVO TEMPO,0.7622432432432432
COLEGIO FUNDAMENTAL MARIA CONCEICAO IMACULADA EIRELI,0.6652340425531914
MANIA DE APRENDER COLEGIO,0.6355454545454545
AMORIM COLEGIO,0.6940000000000001
BAMBINOS ESCOLA,0.75255
ESC PART SAINT EXUPERY E E I,0.75255
ESC PART MESTRE DE PRIMEIRAS LETRAS NUCL EDUC,0.8404444444444444
FLORESTA AZUL COLEGIO,0.7916428571428572
ESC PART CASA DA VOVO,0.9245555555555556
ESPERANTO COLEGIO,0.7838
ACTIVE COLEGIO,0.6355454545454545
GABRIELA MISTRAL COLEGIO,0.6959318181818182
ADVENTISTA COLEGIO DE INTERLAGOS,0.6845731707317073
SAO GUILHERME COLEGIO,0.6845731707317073
ISAAC NEWTON ESCOLA UNIDADE II,0.7768928571428572
OSCAR CASTELLO BRANCO PROFESSOR ESCOLA,0.7865333333333333N
DIASPORA COLEGIO,0.8016
ESC PART ARTE DO SABER E E I,0.7834210526315789
NOVO MILLENNIUM COLEGIO,0.6687931034482758
ESC PART MEU CASTELINHO II - E S P,0.9245555555555556
ESC PART RECANTO INFANTIL,0.9293750000000001
PIPOQUINHA BERC E ESCOLA,0.9293750000000001
KYOIKU COLEGIO,0.7411960784313726
ESC PART ESCOLA SOLEIL DE ED INF,0.7473157894736842
COLEGIO CANTINHO DA ALEGRIA PROJETO AMPLITUDE,0.6898333333333333
LAZI COLEGIO,0.7743658536585366
ESC PART NOSSO CANTINHO NUCL DE RECR INF,0.8719285714285715
CAPITULO I ESCOLA,0.8719285714285715
PADIAL COLEGIO,0.7644782608695652
MARTINS PENNA COLEGIO,0.7647179487179487
PERDINELLI COLEGIO,0.6877894736842105
CAMPO BELOBEM QUERER COLEGIO UNIDADE I,0.8113181818181818
ESC PART CATAVENTO BERC E RECR INF,0.8977
CARVALHO MONTEIRO CENTRO EDUCACIONAL,0.7738823529411765
PLENITUDE COLEGIO,0.7259758064516129
ARTE MANHA ESCOLA,0.7521153846153846
ESC PART ESTRIPO - LIPO N R I,0.7521153846153846
ESC PART CHUVA DE ESTRELINHAS ESC DE RECR INF,0.7865333333333333N
ESC PART MINI POLEGAR E E I,0.7381052631578948
ESC PART MARGARIDA JARDIM DE INFANCIA,0.8737777777777778
CHACARA ITATIAIA CENTRO EDUCACIONAL,0.7381052631578948
ESC PART HELENA DE CASTRO INST DE EDUC INF,0.7916428571428572
PEDACINHO DO CEU COLEGIO,0.7916428571428572
LOBATINHO,0.7916428571428572
SANTA RITA ESCOLA,0.75025
EDUQUE NOVA ESCOLA,0.8022272727272728
ESC PART TAGARELINHA E E I,0.7865333333333333N
CEI INDIR RAPHAELA CAPELLANO DIAS,0.7996666666666666
CR P CONV BETTY LAFER,0.6977058823529412
CR P CONV CASA DOM GASTAO,0.6977058823529412
CR P CONV SAO VITO,0.7932222222222223
CR P CONV JESUS MENINO,0.9293750000000001
CR P CONV FILHOS DO REI,0.8977
CR P CONV MMDC,0.8977
CEI INDIR CORACAO DE MARIA,0.8593
CR P CONV NOSSA SENHORA DA SALETTE,0.7834210526315789
CR P CONV ESPACO DA CRIANCA EMILIE DE VILLENEUVE,0.7395
CR P CONV NOSSA SENHORA DOS POBRES,0.846625
CEI INDIR SANTA TEREZA DE JESUS,0.9119565217391304
ASSUNCAO DE NOSSA SENHORA CRECHE,0.9293750000000001
CR P CONV CASA DA PEQUENA IVETE,0.9175
CR P CONV IZABEL MENDES DE CASTRO R I,0.9245555555555556
CR P CONV LAR PAULO DE TARSO,0.734
CR P CONV SAO JUDAS TADEU,0.8022272727272728
CEI INDIR BELA VISTA,0.7865333333333333N
CR P CONV BRAZILIA LACERDA DE ARRUDA BOTELHO,0.7865333333333333N
CEI INDIR FERNANDA,0.7865333333333333N
CR P CONV SAO FRANCISCO DE ASSIS,0.7865333333333333N
CR P CONV MARANATA IRMAOS NATALI,0.7865333333333333N
CEI INDIR RUY AMARAL MELLO CON,0.8016
CR P CONV CATARINA LABOURE,0.7521153846153846
CR P CONV JOEL CORREA DE AVILA LAR ASSIST A CRIANCA,0.7521153846153846
CR P CONV LIBERDADE,0.8025833333333333
CR P CONV MARIA THEREZA DE MELLO MORORO,0.8404444444444444
CR P CONV MAE DA DIVINA PROVIDENCIA,0.8404444444444444
CR P CONV DIVINA PROVIDENCIA,0.8404444444444444
CEI INDIR BENJAMIN ANTONIO SALLES ARCURI,0.8719285714285715
CR P CONV JOAO PAULO II,0.8719285714285715
CR P CONV JULIO CESAR DE AGUIAR,0.7622432432432432
CR P CONV DIVINO AMOR LAR DAS CRIANCAS,0.7622432432432432
CR P CONV IZABEL CANORI MORA BEM AVENTURADA,0.6687931034482758
CEI INDIR MARIA LUIZA AMERICANO,0.7313061224489796
CR P CONV SANTA MARCELINA CENTRO INFANTIL CRECHE,0.7070833333333333
CR P CONV DIVINEIA,0.6959318181818182
CR P CONV TERESA DE CALCUTA ME,0.7768928571428572
CR P CONV SAO FRANCISCO DE ASSIS,0.7932222222222223
CEI INDIR NOSSA SENHORA SAGRADO CORACAO,0.75255
CR P CONV REGINA ANGELORUM LAR INF,0.75025
CR P CONV LEAO XIII,0.7743658536585366
CR P CONV MARIA DA GLORIA BAUMGART,0.75025
CEI INDIR VILA GUSTAVO,0.6898333333333333
CEI INDIR MENINO JESUS,0.7644782608695652
CR P CONV MARIA DULCE,0.7738823529411765
CR P CONV CATARINA KENTENICH CENTRO EDUCACIONAL CRECHE,0.6877894736842105
CR P CONV LAR BIBI MONTEIRO,0.82375
CR P CONV SANTA TEREZINHA,0.82375
CR P CONV ANDRE REGO DOS SANTOS,0.6898333333333333
CR P CONV ANA CLAUDINA DE CARVALHO FERRAZ DE CAMARGO,0.7473157894736842
CR P CONV MAMAE,0.8737777777777778
CEI INDIR JARDIM LEBLON,0.6845731707317073
CR P CONV SAO NORBERTO,0.65409375
FORMOSA COLEGIO,0.75255
SENA DE MIRANDA COLEGIO UNIDADE II,0.6940000000000001
META LUX COLEGIO,0.8025833333333333
NOVA EPOCA COLEGIO,0.7406666666666667
LUCKESI COLEGIO,0.6652340425531914
APRISCO COLEGIO,0.6757011494252874
MORALES LOPES COLEGIO,0.6877894736842105
UNIMOR COLEGIO,0.7738823529411765
CORREA JACOB COLEGIO,0.7070833333333333
INTEGRAR COLEGIO,0.7838
COLEGIO SELI EDUCACAO E INCLUSAO,0.7838
ESCOLA FUTURA,0.7521153846153846
ASSOCIACAO EDUCACIONAL PARA MULTIPLA DEFICIENCIA AHIMSA,0.8719285714285715
MARILSA GARBOSSA FRANCISCO PROFESSORA,0.7259758064516129
BRASIL COLEGIO,0.6877894736842105
ARCOBALENO COLEGIO,0.7381052631578948
INSTITUTO NACIONAL DE EDUCACAO CONTINUADA INAEC,0.8025833333333333
VIRTUS COLEGIO,0.65409375
PUZZLE EDUCACAO INFANTIL BILINGUE,0.8113181818181818
CR P CONV CASA DE ISABEL C E I,0.6652340425531914
COLEGIO NOVA JORNADA,0.6940000000000001
CR P CONV BRAS MOOCA CENT ASSIS SOC,0.8404444444444444
INSTITUTO NACIONAL DE EDUCACAO A DISTANCIA - INED,0.8593
TEATRO ESCOLA MACUNAIMA,0.846625
ESC PART OS PEQUENINOS E E I,0.7070833333333333
MAAP COLEGIO,0.7743658536585366
COLEGIO SAKURA,0.82375
CENTRO EDUCACIONAL ALECRIM DOURADO LTDA,0.7521153846153846
OEN EDUCACAO INTEGRAL,0.8719285714285715
ELVIRA LINARES COLEGIO,0.7070833333333333
GENTE DA GENTE COLEGIO,0.7622432432432432
ESC PART NINHO D OURO INSTITUTO DE EDUCACAO INFANTIL,0.8404444444444444
EMEF JULIO CESAR DE MELO E SOUSA-MALBA TAHAN PROF,0.7070833333333333
EMEFM RUBENS PAIVA,0.6581499999999999
EMEFM ANTONIO SAMPAIO VER,0.7916428571428572
EMEI JOAO MENDONCA FALCAO,0.7932222222222223
EMEI SEBASTIANA DE ARRUDA CRUZ OLIVEIRA PROFA,0.6652340425531914
EMEI HELENA LOPES SANTANA DA SILVA PROFA,0.6824848484848485
EMEI ANTONIO FIGUEIREDO AMARAL,0.7996666666666666
EMEI JOAO RUBENS MARCELO,0.75255
EMEF HELLIO TAVARES DR,0.6652340425531914
EMEI CARLOS EDUARDO DE CAMARGO ARANHA DR,0.8022272727272728
EMEF FRANCISCO REBOLO,0.7473157894736842
CEI DIRET JARDIM HELENA,0.6355454545454545
CEI DIRET CURUCA VELHA,0.6687931034482758
CEI DIRET ODILIA ALVES ALMEIDA SANTOS,0.6652340425531914
CEI DIRET JARDIM CAMARGO VELHO,0.6652340425531914
CEI DIRET CHACARA DONA OLIVIA,0.6652340425531914
CEI DIRET HELENA PEREIRA DE MORAES,0.6355454545454545
CEI DIRET CABREUVAS,0.7070833333333333
CEI DIRET MARILIA DE DIRCEU,0.659
CEI DIRET VILA CARMOSINA,0.7070833333333333
CEI DIRET DOROTHY STANG,0.7313061224489796
CEI DIRET BARBARA HELIODORA,0.659
CEI DIRET CIDADE TIRADENTES,0.659
CEI DIRET MARIA AUGUSTA DE PAULA PROFA,0.659
CEI DIRET GERALDO MAGELA PERON,0.6824848484848485
CEI DIRET NAZIR MIGUEL VER,0.7932222222222223
CEI DIRET ANITA CASTALDI ZAMPIROLLO PROFA,0.7916428571428572
CEI DIRET ADELAIDE LOPES RODRIGUES,0.7916428571428572
CEI DIRET JOSE SALVADOR JULIANELLI DEP,0.8113181818181818
CEI DIRET SILVIA COVAS,0.8016
CEI DIRET MONUMENTO,0.7521153846153846
CEI DIRET VILA IMPERIO,0.7202738095238095
CEI DIRET AURINDO DOS SANTOS FREIRE,0.7473157894736842
CEI DIRET ANTONIA MUOTRI LAMBERGA,0.7932222222222223
CEI DIRET WILSON JOSE ABDALLA,0.6977058823529412
CEI DIRET RENATO ANTONIO CHECCHIA VER,0.7177777777777777
CEI DIRET JOSE DE MOURA VER,0.8404444444444444
EMEI PEDRO ALVARES CABRAL MORAES PROF,0.75025
EMEF ROGE FERREIRA DEP,0.6877894736842105
EMEI CECILIA SANT ANNA DE SOUZA PROFA,0.7070833333333333
ESC PART KIDSLANDIA,0.7838
FENIX COLEGIO,0.7521153846153846
CELIA HELENA TEATRO ESCOLA,0.9293750000000001
SAO JOAQUIM ESCOLA DE ENFERMAGEM,0.8025833333333333
CENTRO FORMADOR DE PESSOAL PARA A SAUDE DE SAO PAULO,0.8719285714285715
JARDIM AMERICA CONSERVATORIO MUSICAL,0.8022272727272728
TUCURUVI CONSERVATORIO MUSICAL DE,0.82375
PAULISTA DE PROTESE ESCOLA,0.7865333333333333N
RECRIARTE ESCOLA,0.9245555555555556
VILA MARIANA CONSERVATORIO MUSICAL,0.8719285714285715
CIEJA CENTRO INT ED JOVENS E ADULTOS - ITAQUERA,0.7313061224489796
CIEJA CENTRO INT ED JOVENS E ADULTOS - ERMELINO MATARAZZO,0.6940000000000001
CIEJA PAULO EMILIO VANZOLINI CIEJA,0.8016
ALBERT EINSTEIN ESCOLA TECNICA INSTITUTO DE ENSINO PESQUISA,0.7814411764705882
CRUZ VERMELHA BRASILEIRA FILIAL DO EST SP CENTRO FORM DA,0.8022272727272728
ESCOLA DE PROTESE DA FUND DES CIENT TEC ODONTOLOGIA,0.846625
GALVAO FREI ESCOLA DE CURSOS TECNICOS,0.7916428571428572
ESCOLA TECNICA A C CAMARGO CANCER CENTER,0.8025833333333333
PASSARO DE FOGO ESCOLA DE DANCAS,0.7622432432432432
INSTITUTO MONITOR LTDA,0.7932222222222223
CIEJA MARLUCIA GONCALVES DE ABREU PROFESSORA,0.6959318181818182
METROPOLITANO CENTRO EDUCACIONAL,0.884
EBRAE - ESCOLA BRASILEIRA DE ENSINO A DISTANCIA,0.9293750000000001
FRUTUOSO VIANA CONSERVATORIO MUSICAL,0.7644782608695652
ABRA ACADEMIA BRASILEIRA DE ARTE,0.9336666666666668
EAD ESCOLA DE ARTE DRAMATICA DA USP,0.846625
INCENNA ESCOLA DE TEATRO E TELEVISAO,0.8719285714285715
BRASILEIRO DE ACUPUNTURA E TERAPIAS TRADICIONAIS COLEGIO CBA,0.8025833333333333
INTESP INSTITUTO EDUCACIONAL SAO PAULO,0.7865333333333333N
JAQUELINE TAVARES STUDIO DE BALLET,0.7838
ALEXANDRA COLEGIO,0.7586224489795919
IMPACTA COLEGIO DE TECNOLOGIA DA INFORMACAO,0.6977058823529412
PANAMERICANA DE ARTE,0.9056666666666667
CEMAH,0.7916428571428572
24 DE MARCO COLEGIO UNIDADE II,0.83005
SAO BERNARDO ESCOLA DE ENFERMAGEM,0.8719285714285715
BUTANTA ESCOLA TECNICA DE PROTESE,0.846625
SANTA MARIA ESCOLA TECNICA,0.82375
NUCLEO DE RECREACAO EDUCACIONAL A CRIANCA,0.6687931034482758
CENTRO SOCIAL NOSSA SENHORA DA PENHA - CENHA,0.7838
CEJAM ESCOLA,0.7865333333333333N
INSTITUTO DE TERAPIA INTEGRADA E ORIENTAL,0.8719285714285715
TABLEAU COLEGIO UNIDADE SAO PAULO,0.7622432432432432
EDUTEC DATA BRASIL EDUCACAO PROFISSIONAL,0.8025833333333333
CR P CONV ARTE E CRIANCA,0.697060606060606
CEU EMEI MILTON SANTOS PROF,0.6845731707317073
EMEI FRANCISCO ADAUTO RODRIGUES,0.6355454545454545
EMEI MAURO BAPTISTA PE,0.7473157894736842
CEI DIRET CELSO DANIEL PROF,0.7313061224489796
CEI DIRET MARIELCIA FLORENCIO DE MORAIS PROFA,0.659
CEI DIRET TITO DE ALENCAR LIMA FREI,0.659
CEI DIRET 13 DE MAIO,0.7865333333333333N
CEI DIRET ALICE APARECIDA DE SOUZA PROFA,0.659
CEI DIRET PINHEIROS,0.9245555555555556
CCI CIPS CAMARA MUNICIPAL DE SAO PAULO,0.7865333333333333N
CR P CONV ACONCHEGO,0.7865333333333333N
VILA MONTEIRO LOBATO ESCOLA,0.8022272727272728
CR P CONV BRAS MOOCA I,0.8404444444444444
ENSINO COLEGIO,0.7644782608695652
SAO BENTO DE ENSINO INSTITUTO,0.6757011494252874
COLEGIO ANGLO LEONARDO DA VINCI,0.7814411764705882
CANDELARIA INSTITUTO EDUCACIONAL,0.7743658536585366
CR P CONV ELZA NEGRO,0.6824848484848485
CR P CONV QUINTAL DA CRIANCA,0.7395
GRUPO DE ESTUDO DE EDUCACAO A DISTANCIA,0.6977058823529412
PANIFICACAO E CONFEITARIA INSTITUTO DE DESENVOLVIMENTO DE,0.7865333333333333N
MONFORTE COLEGIO,0.6652340425531914
ARARA AZUL COLEGIO,0.6687931034482758
PIEMONTE COLEGIO,0.83005
ESC PART COLEGIO EDUCANORTE,0.7834210526315789
CEI INDIR ANIS AIDAR DR,0.7061666666666667
ESC PART SANTA VIRGINIA,0.7838
ESC PART AKITA KIDS ACADEMY,0.8719285714285715
ESCOLA PEQUENO APRENDIZ,0.8719285714285715
FADELITO VILA MARIANA EDUCACAO INFANTIL LTDA,0.8719285714285715
ESC PART LUGAR DE CRIANCA,0.8977
PICCNELI INSTITUTO EDUCACIONAL,0.7259758064516129
ESCOLA DE EDUCACAO INFANTIL TURMA DA BAGUNCA S C LTDA,0.77928125
ESC PART TANGRAM,0.7202738095238095
ESC PART PARQUE DA ALEGRIA,0.7202738095238095
CANGURU SAPECA ESCOLA DE EDUCACAO INFANTIL,0.7738823529411765
MINUTOS DE SABEDORIA COLEGIO,0.7259758064516129
ESC PART TURMA DO MICKEY,0.7259758064516129
SEQUENCIAL ESCOLA TECNICA,0.6845731707317073
DRICA ROSCHEL COLEGIO,0.65409375
CR P CONV MAE ACHIROPITA,0.7865333333333333N
CR P CONV PRISCILLA TELLES SIQUEIRA BALOTTA DE OLIVEIRA VIII,0.6687931034482758
APRENDENDO A APRENDER COLEGIO,0.9245555555555556
CENTRO ATEND SOCIOEDUC ADOLESCENTE VILA LEOPOLDINA CI,0.7177777777777777
CR P CONV PROJETO DE VIDA,0.6355454545454545
ESCOLA NINAS E NINOS,0.7521153846153846
UNIFAES UNID DE FORMACAO APERF E ESPEC EM SAUDE E ESTETICA,0.7916428571428572
CR P CONV GARRA FEMININA,0.6355454545454545
CEU EMEF AGUA AZUL,0.659
CEU EMEI IRENE MANKE MARQUES PROFA,0.659
CEU CEI AGUA AZUL,0.659
CENTRO ATEND SOCIO-EDUC ADOLESC-RIO TOCANTINS - UIP-11,0.7932222222222223
SANTA HELENA CENTRO EDUCACIONAL,0.6652340425531914
ARTHUR GUIMARAES CL HOSP PAV FERNANDINHO STA CASA,0.8593
ARTHUR GUIMARAES CL HOSP PAV COND PENTEADO STA CASA,0.8593
PREMIERE COLEGIO,0.7521153846153846
CR P CONV DAMARIS CASTILHO II,0.7313061224489796
CEI INDIR CARRAO I,0.7838
CEI INDIR ESPACO DA COMUNIDADE I,0.6652340425531914
CEI INDIR MARIA ARMINDA NOGUEIRA IRMA,0.7932222222222223
ATOS COLEGIO,0.7838
CEI INDIR TATUAPE,0.7838
BRASILEIRO DE INSTRUMENTACAO CIRURGICA COLEGIO,0.8719285714285715
ESC PART A TURMA DA TIA NA BERCARIO E RECREACAO I E,0.8977
CR P CONV SAO VICENTE PALLOTTI,0.7586224489795919
CR P CONV MEU LARZINHO,0.7838
FAZENDINHA EDUCACAO INFANTIL - VALENTINI EDUCACIONAL LTDA,0.8977
ESC PART EDUCANDARIO MODELO E E I,0.8977
MUKAI COLEGIO,0.7070833333333333
MAGNU S ESCOLA DE EDUCACAO INFANTIL,0.6898333333333333
E TEC ESCOLA MUNICIPAL DE ED PROF E SAUDE PUBLICA PROF MAKIGUTI,0.659
CENTRAL CRECHE PRE ESCOLA COSEAS USP,0.846625
OESTE CRECHE PRE ESCOLA - COSEAS USP,0.846625
CENTRO ATEND SOCIOED ADOLESC FEMININO BOM RETIRO CASA FEMININO BOM RETIRO CI,0.6977058823529412
CENTRO DE ATEND SOCIOEDUC ADOLESC BELA VISTA CI,0.7855555555555556
CR P CONV PLENO VIVER II,0.6355454545454545
CR P CONV PINGO DE ORVALHO,0.697060606060606
ARTE SAO PAULO ESCOLA,0.8719285714285715
GREEN BOOK SCHOOL ENSINO FUNDAMENTAL E MEDIO,0.8113181818181818
CEI INDIR ERIK GUNNAR ERIKSSON,0.7622432432432432
ESC PART AMOR PERFEITO,0.8977
ESC PART APOIO E CONVIVIO,0.7177777777777777
CR P CONV VISAO EDUCATIVA,0.6687931034482758
CEI INDIR CANTINHO DO BRYAN,0.9293750000000001
ESC PART GILEADE,0.7406666666666667
CEI INDIR SANTA ROSA III,0.7162258064516129
CR P CONV TIO DIDI,0.7070833333333333
MUNDO COLORIDO ESCOLA DE EDUC INFANTIL,0.7406666666666667
COLEGIO PALAVRA VIVA UNIDADE II,0.7916428571428572
CEI INDIR NOSSA SENHORA DO DIVINO PRANTO,0.659
CR P CONV JERICO,0.7996666666666666
CR P CONV TATU BOLINHA,0.6355454545454545
CEU EMEF LAJEADO,0.6457368421052632
KINDER KAMPUS,0.7473157894736842
NOVE DE JULHO COLEGIO UNIDADE II,0.7996666666666666
PRA GENTE PEQUENA ESCOLA E JULIA PERRONI ESCOLA,0.7865333333333333N
CR P CONV JOSEFA JULIA,0.7586224489795919
INSTITUTO DE ENSINO PEQUENO URSO,0.7177777777777777
MY SCHOOL EDUCACAO INFANTIL LTDA - ME,0.8977
CR P CONV SONHO MAGICO,0.6652340425531914
SEQUENCIAL ESCOLA TECNICA,0.6652340425531914
SAO LUIS COLEGIO UNIDADE II,0.8719285714285715
CR P CONV MVV DE GUAIANASES,0.6457368421052632
CENTRO DE ATEND SOCIOEDUC AO ADOLESC NOVA VIDA CI,0.7743658536585366
CENTRO DE ATEND SOCIOEDUC AO ADOLESC PAULISTA CI,0.7743658536585366
CENTRO DE EDUCACAO PROFISSIONAL UNID II,0.6977058823529412
CENTRO DE EDUCACAO PROFISSIONAL UNID III,0.6977058823529412
CENTRO DE EDUCACAO PROFISSIONAL UNID IV,0.6977058823529412
CR P CONV LAJEADO,0.6457368421052632
CR P CONV IPIRANGA,0.7521153846153846
EMPYRIUS COLEGIO,0.7916428571428572
ACADEMIA INTERNACIONAL DE CINEMA,0.8593
CRUZEIRO DO SUL COLEGIO,0.8025833333333333
OBJETIVO COLEGIO INTEGRADO,0.7865333333333333N
CR P CONV VINICIUS DE MORAES,0.65409375
CR P CONV RECANTO FELIZ,0.6355454545454545
EMEF MURURES,0.6355454545454545
COLEGIO NOVE DE JULHO UND IV,0.8025833333333333
NOVE DE JULHO COLEGIO UNIDADE III,0.8737777777777778
CENTRO DE ATEND SOCIOEDUC AO ADOLESC NOVA VIDA CI,0.7743658536585366
CENTRO DE ATEND SOCIOEDUC AO ADOLESC PAULISTA CI,0.7743658536585366
CENTRO DE ATEND SOCIOEDUC AO ADOLESC BELA VISTA CI,0.7855555555555556
CENTRO DE ATEND SOCIOEDUC AO ADOLESC VILA GUILHERME CI,0.7855555555555556
ESC PART BERCARIO ANJO DA GUARDA,0.7521153846153846
CEI INDIR ELITE,0.659
EMEF JURANDI GOMES DE ARAUJO PROF,0.6652340425531914
EMEF GILBERTO DUPAS PROF,0.7406666666666667
ESC PART RECANTO DOS PERALTAS E E I,0.8404444444444444
ESC PART AIDA VISCONDE BASTOS,0.7838
EDUKANDARIUM MONDINI COLEGIO,0.7838
PAULO NATHANAEL CENTRO EDUCACIONAL,0.7743658536585366
DOM BOSCO COLEGIO UNIDADE IV,0.7834210526315789
ESC PART INSTITUICAO EDUCACIONAL RECREACAO INFANTIL MONDRIAN,0.7177777777777777
CR P CONV PROFESSOR TEIXEIRA,0.7070833333333333
CR P CONV ACONCHEGO II,0.7865333333333333N
CENTRO DE ATEND SOCIOEDUC AO ADOLESCENTE OURO PRETO CI,0.7743658536585366
EMEF JARDIM PAULO VI,0.7162258064516129
EMEF VILA MUNCK,0.846625
CENTRO DE ATEND SOCIOEDUC AO ADOLESCENTE OURO PRETO CI,0.7743658536585366
CENTRO DE ATEND SOCIOEDUC AO ADOLESCENTE SAO PAULO CI,0.7855555555555556
CENTRO DE ATEND SOCIOEDUC AO ADOLESCENTESAO PAULO CI,0.7855555555555556
TAKASHI MORITA ETEC,0.8737777777777778
CR P CONV RAFA GIRE,0.659
NOVA CIENCIA ESCOLA,0.8719285714285715
AUBRICK ESCOLA BILINGUE MULTICULTURAL,0.8113181818181818
CR P CONV JARDIM DA ALEGRIA,0.6940000000000001
DELL ARINGA COLEGIO DE ED INFANTIL E ENSINO FUNDAMENTAL,0.82375
MDB SANTA MARIA,0.7406666666666667
CR P CONV SER FELIZ III,0.6687931034482758
CEL JTO A EE ANHANGUERA,0.884
CENTRO DE ATEND SOCIOEDUC AO ADOLESCENTE TOPAZIO CI,0.7932222222222223
CENTRO DE ATEND SOCIOEDUC AO ADOLESC JOAO DO PULO CI,0.7743658536585366
CENTRO DE ATEND SOCIOEDUC AO ADOLESC JOAO DO PULO CI,0.7743658536585366
CR P CONV ALPS LAJEADO II,0.6457368421052632
ESC PART TIA NEVE E E I,0.6355454545454545
CR P CONV UNIVERSO DA CRIANCA III,0.7070833333333333
CR P CONV CANTINHO DA PAZ I,0.7202738095238095
CEI INDIR SANTO AMARO,0.8737777777777778
CR P CONV CAMINHAR E CRESCER,0.6457368421052632
CR P CONV THEREZINHA HELENA,0.7313061224489796
CEI INDIR MARTA TERESINHA GODINHO,0.6940000000000001
CENTRO DE ATEND SOCIOEDUC AO ADOLESC ONIX CI,0.7855555555555556
CENTRO DE ATEND SOCIOEDUC AO ADOLESC BELEM CI,0.7855555555555556
ESC PART GUAIAUNA COLEGIO,0.75255
CASTELINHO DO BARULHO EERI,0.75255
CR P CONV DAMARIS CASTILHO III,0.6934166666666667
CR P CONV RECANTO FELIZ,0.7070833333333333
ETEC DE HELIOPOLIS,0.7521153846153846
CR P CONV CONSTRUINDO O SABER,0.6652340425531914
CR P CONV NOVO AMANHECER,0.697060606060606
CEI INDIR JOSE NELSON DE OLIVEIRA E FREITAS,0.7865333333333333N
CR P CONV VIGILANTES DO FUTURO,0.7313061224489796
CR P CONV ESTRELINHA FELIZ,0.7313061224489796
CENTRO DE ATEND SOCIOEDUC AO ADOLESCENTE UI 8,0.7932222222222223
CENTRO DE ATEND SOCIOEDUC AO ADOLESCENTE UI 8,0.7932222222222223
AFAM COLEGIO UNIDADE SAO MIGUEL,0.6934166666666667
CEI INDIR JOSE LOURENCO DE LIMA,0.7070833333333333
CR P CONV PEDRO XAVIER,0.659
CR P CONV ANJO RAFAELA,0.6457368421052632
JARAGUA ESCOLA TECNICA ESTADUAL,0.6877894736842105
CR P CONV ESPACO KAIROS X,0.659
CR P CONV VO NICE III,0.659
CEPAM ETEC,0.846625
PARQUE BELEM ETEC,0.7838
COLEGIO SINTONIA,0.7586224489795919
ESC PART HELENA LUBIENSKA,0.8719285714285715
CR P CONV DONA BARATINHA,0.6355454545454545
CR P CONV PRISCILLA TELLES SIQUEIRA BALOTTA DE OLIVEIRA IX,0.659
TREMEMBE COLEGIO,0.7186301369863014
CR P CONV CRI-ACAO II - ILHA BELA,0.6890508474576271
BRASILEIRO ISLAMICO COLEGIO,0.7061666666666667
AUGUSTO RAMOS COLEGIO,0.7738823529411765
TRILHA ENSINO FUNDAMENTAL I,0.7916428571428572
MARIA MARIA ESCOLA,0.8719285714285715
NOVA ESTRELA ESCOLA,0.7381052631578948
ESC PART TEDDYHAUS,0.8737777777777778
CR P CONV ARTE DE BRINCAR,0.659
CR P CONV ENCANTADO,0.6457368421052632
CORACAO DE OURO,0.8025833333333333
CR P CONV SOL RADIANTE,0.659
ESC PART NOSSO MUNDO,0.8022272727272728
ESC PART VER CRESCER,0.8719285714285715
ESTELA MARIS RECANTAO ENCANTADO COLEGIO,0.8016
SHEKINAH ESCOLA DE EDUCACAO INFANTIL E ENSINO FUNDAMENTAL,0.7521153846153846
CR P CONV NOVO FLORESCER,0.659
CR P CONV SELMO MARTINS DOS SANTOS,0.659
CR P CONV SEMEANDO O BEM II,0.6457368421052632
CR P CONV ROSEIRA II,0.6457368421052632
BRIGHT KIDS EDUCACAO BILINGUE,0.9293750000000001
CEI INDIR MARIA ANTONIETA DE CASTRO,0.7865333333333333N
ST FRANCIS COLLEGE,0.9245555555555556
WISH EDUCATION COM CARGA HORARIA ESTENDIDA EM LINGUA ADICIONAL,0.7838
FIAP TECH SCHOOL,0.8016
ESC PART PIRILAMPO NUCLEO DE RECREACAO INF,0.8016
ESTACAO FUNDAMENTAL COLEGIO,0.8719285714285715
DEFICIENCIA MULTIPLA E SURDOCEGUEIRA ESCOLA ESPECIALIZADA EM,0.7521153846153846
CR P CONV ALPS TIRADENTES,0.659
CR P CONV ENCANTADO II,0.6457368421052632
ESC PART PEQUENO GENIO II RECREACAO INFANTIL,0.83005
MANDAQUI ETEC,0.7916428571428572
ADVENTISTA DA LAPA COLEGIO,0.884
AMAZING SCHOOL,0.846625
PAULINO E PAULINO COLEGIO,0.7865333333333333N
FACES EDUCACAO BILINGUE,0.9056666666666667
COLEGIO SOUZA E ALMEIDA,0.846625
JEAN JACQUES ROUSSEAU COLEGIO,0.734
PENITENCIARIA FEMININA DE SANT ANA,0.7916428571428572
CR P CONV LUCIA HELENA PRADO BARRETO,0.6457368421052632
CEU AT COMPL HELIOPOLIS - ARLETE PERSOLI PROFA,0.7521153846153846
CEU AT COMPL LAJEADO,0.6457368421052632
CEU AT COMPL AGUA AZUL - PAULO RENATO COSTA SOUZA PROF,0.659
CEU AT COMPL VILA ATLANTICA - JOAO SOARES FILHO PROF,0.6877894736842105
CEU AT COMPL VILA CURUCA - IRENE RAMALHO,0.6652340425531914
CEU AT COMPL JAMBEIRO - JOSE GUILHERME GIANETTI,0.6355454545454545
ESC PART ESTACAO DO PENSAR,0.75255
COLEGIO VISCONDE DE PORTO SEGURO - CAMPUS VILA ANDRADE,0.7473157894736842
OBJETIVO CENTRO INTERESCOLAR UNIDADE IPIRANGA,0.7521153846153846
ESC PART T L ALVES,0.7070833333333333
14 BIS COLEGIO,0.884
SINDICATO DOS METALURGICOS DE SAO PAULO CEP,0.8025833333333333
COLEGIO VIVER E APRENDER,0.7521153846153846
CR P CONV SONIA MARIA DOS ANJOS MARTINELLI,0.75255
CENE COLEGIO,0.7521153846153846
EBENEZER COLEGIO,0.8022272727272728
CENTRO DE DETENCAO PROVISORIA II PINHEIROS,0.7177777777777777
CENTRO DE DETENCAO PROVISORIA I BELEM,0.7855555555555556
ESC PART ARTE E MAGIA II,0.8719285714285715
CEL JTO A EE JOSE MARQUES DA CRUZ PROF,0.75255
INSTITUTO BRASILEIRO DE EDUCACAO PROFISSIONAL ESTADO DE SP,0.8022272727272728
GARA SCHOOL,0.8977
CR P CONV CAMINHANDO PARA O FUTURO II,0.7768928571428572
ESC PART MONICA S SCHOOL,0.8737777777777778
NATHALIA BORALLI CEAACA,0.7916428571428572
ESC PART EVOLUCAO UNIDADE II,0.8593
LITTLE PEOPLE SCHOOL,0.6845731707317073
ESC PART ARCO IRIS,0.8016
CR P CONV PRIMEIROS PASSOS,0.7062075471698114
CAMINHO ILUMINADO ESCOLA DE EDUCACAO INFANTIL,0.7381052631578948
PATRICIO COLEGIO,0.678825
ROBERTO KONISHI COLEGIO,0.7814411764705882
CENTRO DE DET PROVISORIA PAULO GILBERTO DE ARAUJO,0.7855555555555556
CR P CONV BALAO DE BOLINHAS,0.7313061224489796
MINHA ESCOLA,0.7313061224489796
CR P CONV VOVO AUGUSTA I CEI,0.6457368421052632
CR P CONV VOVO AUGUSTA II,0.6457368421052632
ESC PART GREEN KIDS SCHOOL I E,0.7177777777777777
ESC PART O PEQUENO GALILEU,0.734
CR P CONV ALPS LAJEADO,0.6457368421052632
IREI COLEGIO,0.7406666666666667
TALMUD TORA HAMAOR COLEGIO,0.7996666666666666
ESC PART INFAN GARDENO E I,0.7838
RAIO DE SOL ESCOLA DE EDUCACAO INFANTIL,0.6687931034482758
CR P CONV GIGI TOMAZELLI WIAZOWSKI,0.82375
RED HOUSE INTERNATIONAL SCHOOL,0.8593
CR P CONV ALECRIM DOURADO,0.75255
JACAREZINHO ESCOLA DE EDUCACAO INFANTIL,0.8404444444444444
CR P CONV VILA GUILHERME,0.75025
ARCO IRIS BERCARIO E EDUCACAO INFANTIL,0.75255
EMEI ISOLINA LEONEL FERREIRA PROFA,0.7521153846153846
EMEF ABRAO HUCK DR,0.7586224489795919
CR P CONV ANJO RAFAELA II,0.659
CR P CONV ESPACO KAIROS,0.6457368421052632
ESC PART LAR ANJO GABRIEL,0.7916428571428572
CR P CONV MONTE CARMELO II,0.7070833333333333
FOFINHO BERCARIO E ESCOLA,0.8025833333333333
CR P CONV SEMENTINHAS DE ESPERANCA,0.7070833333333333
COMBATE ESC TEC DE FORM DE BOMBEIROS E SEGU DO TRABALHO,0.7395
BEACON SCHOOL,0.7177777777777777
CR P CONV PROFESSOR SIDNEY,0.7070833333333333
ESC PART MADU KIDS E E I,0.8737777777777778
NOSSA SENHORA DO ROSARIO UNIDADE II COLEGIO,0.8022272727272728
NEGREIROS COLEGIO,0.6652340425531914
EDUCANDARIO SAINT MARTIN UNIDADE I,0.71225
SECRETARIA DA FAZENDA CENTRO DE CONVIVENCIA INFANTIL,0.7932222222222223
CIRANDA ENCANTADA ESC DE EDUC INFANTIL E ENS FUNDAMENTAL,0.8719285714285715
CR P CONV JULIA NORBERTO,0.7406666666666667
CR P CONV FRANCISCO YOSHIO,0.7070833333333333
CR P CONV ALEGRIA E SABEDORIA II,0.659
PARAMETROS COLEGIO,0.8737777777777778
ESCOLA TECNICA DE EDUCACAO EM SAUDE DO HOSPITAL ALEMAO OSWALDO CRUZ,0.7865333333333333N
CANDIDA RITA DA SILVA PAULO,0.6457368421052632
JULIA MOTA ESCOLA DE EDUCACAO INFANTIL,0.7259758064516129
CR P CONV CANTINHO DE LUZ,0.6652340425531914
CR P CONV CRE-SER,0.7521153846153846
APRENDIZ DO SABER ESCOLA DE EDUCACAO INFANTIL E FUNDAMENTAL,0.8016
RHEMA ESCOLA TECNICA,0.8737777777777778
ITATIAIA COLEGIO,0.8113181818181818
CR P CONV SONHO MAGICO II,0.6652340425531914
TIA NINA RECREACAO INFANTIL,0.7259758064516129
THE BRITISH COLLEGE OF BRAZIL UNIDADE CHACARA FLORA,0.8737777777777778
LETRA E ARTE EDUCACAO INFANTIL,0.7622432432432432
EBRAMEC ESCOLA BRASILEIRA DE MEDICINA CHINESA,0.7932222222222223
INSTITUCIONAL EDUCACIONAL SILVEIRA ARAUJO,0.82375
CRESCENTE CENTRO DE RECREACAO E EDUCACAO INFANTIL,0.7473157894736842
CEL JTO A EE ROOSEVELT PRESIDENTE,0.8025833333333333
KIDSHEAVEN INSTITUTO DE EDUCACAO INFANTIL,0.7916428571428572
INSTITUTO BRASILEIRO DE DESIGN DE INTERIORES IBDI,0.7932222222222223
CENTRO DE DETENCAO PROVISORIA III PINHEIROS,0.7177777777777777
NOVA VISAO COLEGIO,0.7738823529411765
CR P CONV PEDRO APOSTOLO,0.7186301369863014
CR P CONV LEONARDA SOARES ALVES,0.7521153846153846
HOSPITAL ANTONIO PRUDENTE CL HOSPITALAR,0.8025833333333333
HOSPITAL ANTONIO PRUDENTE CL HOSPITALAR,0.8025833333333333
CENTRO DE ATEND SOCIOEDC AO ADOLESCENTE RIO TAMISA CI 36,0.7932222222222223
CENTRO DE ATEND SOCIOEDC AO ADOLESCENTE RIO TAMISA CI 36,0.7932222222222223
CENTRO DE ATEND SOCIO-EDUC AO ADOLESCENTE ITAPARICA - UIP-6,0.7932222222222223
CENTRO DE ATEND SOCIOEDUC AO ADOLESCENTE RIO PARANA CI,0.7932222222222223
CENTRO DE ATENDIMENTO SOCIOEDUCATIVO AO ADOLESCENTE JUQUIA CASA JUQUIA CI,0.7932222222222223
CENTRO ATEND SOCIO-EDUC ADOLESCENTE-ENCOSTA NORTE-CI,0.6652340425531914
CENTRO ATEND SOCIO-EDUC ADOLESC - ENCOSTA NORTE-CI,0.6652340425531914
GENTE FELIZ ESCOLA,0.7177777777777777
CR P CONV IRINEU,0.7473157894736842
CR P CONV PROJETO RAIZES,0.7768928571428572
ESC PART BERCARIO CASULO,0.7622432432432432
ACONCHEGO BABY CARE,0.7521153846153846
ESC PART ESCOLA EVOLUCAO - UNIDADE III,0.8593
CR P CONV CRESCENDO E APRENDENDO,0.6877894736842105
ESC PART MEU CASTELINHO UNIDADE III,0.9119565217391304
UNIVERSIDADE CRUZEIRO DO SUL ESCOLA DE EDUCACAO PROFISSIONAL,0.9245555555555556
ESCOLA ARCANJO,0.8113181818181818
ESC PART PHANTASIALAND CRECHE ED INFANTIL,0.8737777777777778
CENTRO UNIVERSITARIO SANT ANNA EEP,0.7916428571428572
CENTRO UNIVERSITARIO SANT ANNA EEP,0.7916428571428572
ESC PART BERCARIO E EDUCACAO INFANTIL ACTOS,0.7521153846153846
FACULDADE DE INFORMATICA E ADMINISTRACAO PAULISTA FIAP EEP,0.8016
FACULDADE DRUMMOND ESCOLA DE EDUCACAO PROFISSIONAL,0.7838
UNIVERSIDADE CIDADE DE SAO PAULO UNICID EEP,0.7838
UNIVERSIDADE CRUZEIRO DO SUL EEP,0.6934166666666667
UNIVERSIDADE CRUZEIRO DO SUL ESCOLA DE EDUCACAO PROFISSIONAL,0.8025833333333333
FACULDADE FLAMINGO ESCOLA DE EDUCACAO PROFISSIONAL,0.884
INSTITUTO SUMARE DE EDUCACAO SUPERIOR ISES EEP,0.9245555555555556
UNIVERSIDADE NOVE DE JULHO CAMPUS VILA PRUDENTE EEP,0.7622432432432432
UNIVERSIDADE NOVE DE JULHO CAMPUS VILA MARIA EEP,0.7743658536585366
UNIVERSIDADE NOVE DE JULHO CAMPUS VERGUEIRO EEP,0.8025833333333333
FACULDADE DRUMMOND UNIDADE ALVORADA EEP,0.75255
UNIVERSIDADE NOVE DE JULHO CAMPUS SEDE EEP,0.7996666666666666
PRONATEC - SANTO AMARO,0.8737777777777778
ETAPA III COLEGIO,0.8719285714285715
GLOBAL COLEGIO UNIDADE II,0.8977
CENTRO UNIVERSITARIO DAS FACULDADES METROPOLITANAS UNIDAS,0.7865333333333333N
CENTRO UNIVERSITARIO DAS FACULDADES METROPOLITANAS UNIDAS,0.8025833333333333
ASSOCIACAO DE CULTURA E ENSINO,0.8719285714285715
CENTRO UNIVERSITARIO DAS FACULDADES METROPOLITANAS UNIDAS,0.8719285714285715
CENTRO UNIVERSITARIO DAS FACULDADES METROPOLITANAS UNIDAS,0.8737777777777778
CENTRO UNIVERSITARIO ITALO BRASILEIRO,0.8737777777777778
INSTITUTO SUMARE DE EDUCACAO SUPERIOR,0.8737777777777778
UNIVERSIDADE ANHEMBI MORUMBI CAMPUS PAULISTA 2,0.7865333333333333N
UNIVERSIDADE ANHEMBI MORUMBI CAMPUS PAULISTA,0.7865333333333333N
UNIVERSIDADE ANHEMBI MORUMBI CAMPUS CENTRO,0.8404444444444444
CR P CONV JOSE JOAQUIM DE SANTANA,0.6877894736842105
CR P CONV PRINCIPE ENCANTADO,0.6355454545454545
ESC PART EDUCANDARIO MODELO I E,0.8977
CASA DO SOL INSTITUTO,0.8113181818181818
CR P CONV SEMEANDO ALEGRIA,0.75255
CR P CONV ANALIA FRANCO,0.6678125
CR P CONV GAMALIEL,0.6355454545454545
CR P CONV GRAO DE GENTE II,0.6977058823529412
VEGEL CENTRO TECNICO,0.7395
CENTRO DE ATEND SOCIOEDUC AO ADOLESCENTE RIO NILO CI,0.7932222222222223
FACULDADE DAS AMERICAS,0.9056666666666667
CR P CONV MONTE CARMELO III,0.7313061224489796
MAPLE BEAR MOOCA,0.7622432432432432
CEI INDIR CONJUNTO HABITACIONAL SAO MIGUEL,0.6652340425531914
CR P CONV NOSSA TURMA,0.7177777777777777
CR P CONV VINTE E SEIS DE JULHO,0.7406666666666667
CR P CONV EDUCAR BRINCANDO,0.6678125
CR P CONV MANOEL DE BARROS,0.7177777777777777
UNIVERSIDADE PAULISTA UNIP CAMPUS CHACARA SANTO ANTONIO,0.8737777777777778
UNIVERSIDADE PAULISTA UNIP CAMPUS PAULISTA,0.7865333333333333N
UNIVERSIDADE PAULISTA UNIP CAMPUS NORTE,0.75025
UNIVERSIDADE PAULISTA UNIP CAMPUS PINHEIROS,0.9245555555555556
SILVIO GONZALEZ COLEGIO,0.7406666666666667
MORUMBI ESCOLA UNIDADE MOEMA,0.9336666666666668
CR P CONV LIRIO DA PAZ,0.8022272727272728
ESC PART CHARANGUINHA E E I,0.7070833333333333
SANTA MONICA COLEGIO,0.7411960784313726
ESC PART RODA VIVA E E I,0.7177777777777777
CCA CONOSCO - GRAJAU I,0.7932222222222223
CCA UNIDADE NOVE DE JULHO,0.9293750000000001
CCA CENTRO DA JUVENTUDE,0.65409375
INSTITUTO DE PESQUISAS TECNOLOGICAS CRECHE,0.846625
CCA ARTE NOSSA,0.659
CCA SENHOR SANTO CRISTO,0.659
SETOR G E ADJACENCIAS,0.659
CCA JARDIM MARAVILHA,0.659
AVIB - VILA YOLANDA,0.6457368421052632
CCA NOSSA SENHORA DO O,0.7644782608695652
CCA TELIA GIROTTI,0.7406666666666667
CCA MARY,0.7406666666666667
CCA TODOS IRMAOS,0.697060606060606
RECANTO GAETANO E CARMELA,0.8022272727272728
CCA IZAURA MARIA DA CONCEICAO,0.8022272727272728
CCA BRINCAR DE VIVER,0.7586224489795919
CCA SANTA EDWIGES,0.7586224489795919
CCA DOM ORIONE,0.7865333333333333N
CCA UM NOVO OLHAR SOBRE O BIXIGA,0.7865333333333333N
CCA NOSSA SENHORA DO CARMO,0.7865333333333333N
CCA AMAS - LIBERDADE,0.8025833333333333
CCA ALEGRIA,0.8025833333333333
CCA PROVIM - PROGRAMA VIDA MELHOR - DOM BOSCO,0.6977058823529412
ESPERANCA,0.8016
CCA ESTACAO ADOLESCER,0.7521153846153846
CCA PERSEVERANCA III,0.8404444444444444
CCA ITALIANOS,0.6977058823529412
ARCA DO SABER,0.7622432432432432
INSTITUTO CARDEAL ROSSI,0.65409375
CCA ZAKI NARCHI,0.7916428571428572
CCA SAO SEBASTIAO,0.75025
CCA ACM - VILA MARIA,0.7743658536585366
CCA CASA DOM MACARIO,0.7743658536585366
CCA LEAO XIII,0.7743658536585366
CCA SANTA TERESINHA,0.6898333333333333
CCA ASSORAVIM,0.6898333333333333
CCA PADRE MENARD,0.82375
CCA ZILDA ARNS NEUMANN,0.82375
CCA GENTE DA GENTE,0.6687931034482758
CCA SAO FRANCISCO DE ASSIS - NOSSA SENHORA DO BOM PARTO,0.7932222222222223
CCA MORORO,0.8404444444444444
CCA NOSSO LAR - TATUAPE,0.7838
CCA CRISTO REI,0.7838
CCA BEATA MIRIAM,0.7768928571428572
CCA VILA CRIANCA FELIZ,0.6890508474576271
CCA ACM - SANTO AMARO,0.8737777777777778
CCA GOTAS DE FLOR,0.8113181818181818
CEMEI CAPAO REDONDO,0.678825
ESC PART LUMINIS B E I,0.8022272727272728
CCA MADRE NAZARENA,0.7177777777777777
CCA APROCIMA,0.8977
CCA SAO GERALDO,0.8977
CCA ACM - LAPA,0.884
CCA PROF JOSE HERCULANO PIRES I,0.884
CCA ATILIO CAMPANINI JOSE HERCULANO PIRES II,0.884
CCA CATARINA KENTENICH,0.6877894736842105
CCA PROJETO SEMEANDO VIDA IV,0.6678125
CCA PERUS - VILA FANTON,0.6678125
CCA OBRA DO BERCO,0.7473157894736842
CCA ABELHINHA FELIZ,0.7259758064516129
CCA PERSEVERANCA MARIA DA SILVA,0.6757011494252874
CCA JARDIM HELENA,0.6355454545454545
CCA CENTRO COMUNITARIO IRM DERLY FABRES,0.8025833333333333
CR P CONV FAMILIA MONTE BELO,0.6678125
CR P CONV PAULA MARIA,0.8016
CR P CONV MARGARIDA BARROS HORTA,0.6877894736842105
CR P CONV SANTA ZITA,0.7070833333333333
CR P CONV ALPS,0.6652340425531914
NUCLEO EDUCACIONAL ESPACO DO SABER,0.7070833333333333
CR P CONV HENRIQUE FERNANDES,0.7202738095238095
CR P CONV AMABILE AGUIAR,0.697060606060606
CR P CONV NOITE ENCANTADA I,0.7814411764705882
FACULDADE PAULISTA DE ARTES,0.7865333333333333N
CR P CONV RUGRATS OS ANJINHOS V,0.7743658536585366
CR P CONV ESTRELA GUIA,0.7743658536585366
ESC PART ESCOLA VILA DOS BAIXINHOS,0.7814411764705882
UNIVERSIDADE SAO JUDAS TADEU CAMPUS BUTANTA,0.846625
UNIVERSIDADE SAO JUDAS TADEU CAMPUS MOOCA,0.8404444444444444
CR P CONV PRIMEIROS PASSOS,0.6355454545454545
CEI INDIR RITA DE CASSIA SOBRAL LAZER PROFA,0.7062075471698114
ATHENA ESCOLA DE EDUCACAO INFANTIL E BERCARIO,0.7521153846153846
CR P CONV VOVO FATIMA,0.6652340425531914
CR P CONV ELOHIM ADONAI,0.6877894736842105
CR P CONV PAULO FONTAO FERRAZ,0.7259758064516129
ESC PART EVOLUCAO UNIDADE III,0.8593
CR P CONV EFRAIM,0.6940000000000001
CR P CONV SANTA BARBARA II,0.7070833333333333
ESC PART MARIA SOPHIA ESCOLA E BERCARIO,0.7814411764705882
CR P CONV PINOCCHIO III,0.8593
CR P CONV JOAO FERNANDES VIII,0.7313061224489796
ESC PART CAMINHANDO POR PRINCIPIOS,0.7521153846153846
COLEGIO RA TIBUM,0.6652340425531914
COLEGIO ELIM EIRELI,0.8404444444444444
ESCOLA ALL TOGETHER SCHOOL,0.9245555555555556
MY SCHOOL,0.8977
ESC PART NOSSA ESCOLA,0.7521153846153846
CR P CONV NAZARE,0.6652340425531914
CR P CONV NOVA ALIANCA II,0.6457368421052632
CR P CONV JOAO E MARIA,0.6457368421052632
ESC PART PRIMO STAGGIO,0.7838
CR P CONV MUNDO NOVO,0.6457368421052632
CR P CONV FLOR DE LOTUS,0.7586224489795919
CR P CONV PEQUENO ANJO,0.697060606060606
CEI INDIR TAPAJOS,0.6652340425531914
ESC PART ESCOLA DOCE INFANCIA,0.7622432432432432
CR P CONV VOVO ANA,0.734
CR P CONV SAMARITANINHOS I,0.6355454545454545
CR P CONV FAZENDO ARTE,0.7814411764705882
MAPLE BEAR CANTAREIRA ENSINO BILINGUE,0.82375
ESCOLA DE EDUCACAO INFANTIL AQUARELA DA INFANCIA,0.7838
ESCOLA EDUCACAO INFANTIL E BERCARIO CASTELO ENCANTADO,0.8404444444444444
PROZ,0.8737777777777778
MANUEL BANDEIRA POETA COLEGIO,0.6898333333333333
COLEGIO HEITOR GARCIA,0.884
MARIA ANTONIA DE MOURA UNIDADE II COLEGIO,0.7473157894736842
A E D ESCOLA,0.8113181818181818
COLEGIO VITORIANO KIDS,0.7814411764705882
ESC PART PLANETA CRIANCA E E I,0.8737777777777778
ESC PART ACUTI,0.6845731707317073
PUER ESCOLA EDUCACIONAL,0.7916428571428572
VILA GUILHERME COLEGIO,0.75025
PRO NATUREZA ESCOLA,0.7186301369863014
EDUCANDARIO DA VILA SANTA THEREZA,0.7137083333333334
MEGA VISAO COLEGIO,0.6652340425531914
VISAO GLOBAL COLEGIO,0.6652340425531914
FUTURA COLEGIO,0.6652340425531914
TUTOR SCHOOL SISTEMA DE ENSINO,0.8016
ARANDAS COLEGIO,0.6355454545454545
ALECRIM ESCOLA,0.9245555555555556
COLEGIO DOM FELIPE II,0.7070833333333333
PRINCIPIO DAS ARTES COLEGIO,0.659
ADVIR COLEGIO,0.6890508474576271
COLEGIO SOKA DO BRASIL,0.8022272727272728
CR P CONV O SEMEADOR,0.65409375
ESCOLA DE EDUCACAO INFANTIL PARAISO ENCANTADO,0.7070833333333333
CEI INDIR PEQUENINOS BRILHANTES,0.659
NOSSO MUNDO MATERNAL E JARDIM,0.7743658536585366
ESC PART BELO RAMO ESCOLA,0.7768928571428572
NOSSA SRA DO CARMO O PEQUENO GENIO INSTITUTO EDUCACIONAL,0.7070833333333333
LEON DENIS INSTITUTO DE EDUCACAO,0.8022272727272728
CEI INDIR CANTINHO FELIZ,0.8022272727272728
ANDRADE DORIGON COLEGIO,0.6687931034482758
LICEU PASTEUR UNIDADE VERGUEIRO,0.8719285714285715
RODHUM COLEGIO,0.697060606060606
ARTS DEI CRIATIVE COLEGIO,0.6652340425531914
COLEGIO VICTORINO EIRELI,0.6652340425531914
AMORIM COLEGIO,0.7838
ACLIMACAO COLEGIO,0.8016
NORMELIA BALLOCK COLEGIO,0.7834210526315789
SUELY NICOLLOZZI PROFA COLEGIO,0.6898333333333333
PASCHOAL DANTAS II COLEGIO,0.7079166666666666
CEI INDIR CASA DO CRISTO III,0.7313061224489796
ROCHA CARDOSO COLEGIO,0.75025
SANTA MARIA MAIOR E XODO DA VOVO EDUCANDARIO,0.82375
CENTRO DE RECREACAO INFANTIL MUNDO DOCE,0.75025
ALLEGRO INSTITUTO DE EDUCACAO INFANTIL,0.7411960784313726
GIMBERNAU ESCOLA DE EDUCACAO INFANTIL E ENSINO FUNDAMENTAL,0.8977
CR P CONV IZABEL CRECHE,0.7768928571428572
ESC PART GENIUS I E,0.7186301369863014
ESC PART RECRIAR E E I,0.7814411764705882
TROPINHA EDUCACAO INFANTIL,0.7814411764705882
PEQUENO PRINCIPE JARDIM ESCOLA,0.7521153846153846
MIGUILIM ESCOLA,0.8719285714285715
CR P CONV LAR DO AMOR CRISTAO,0.7521153846153846
CR P CONV MALVINA RODRIGUES VIEIRA,0.7916428571428572
ITURBIDES BOLIVAR DE ALMEIDA SERRA PROF,0.83005
JOAO GOULART PRESIDENTE,0.6405901639344262
FERNANDO MAURO PIRES DA ROCHA DEPUTADO,0.659
FERNANDO PESSOA,0.659
MARIUMA BUAZAR MAUAD,0.659
MARIA ANTONIETA FERRAZ BIBLIOTECARIA,0.659
CAMILO CASTELO BRANCO,0.659
FRANCISCO GLYCERIO DE FREITAS DR,0.7313061224489796
JOSE BORGES ANDRADE,0.6687931034482758
SAO PAULO ETEC DE,0.6977058823529412
LIVIO XAVIER,0.6652340425531914
RENATO DIAS DE ARAUJO PROF,0.6652340425531914
RUBEM BRAGA CRONISTA,0.6652340425531914
EDER BERNARDES DOS SANTOS SOLDADO PM,0.6652340425531914
ROGER JULES DE CARVALHO MANGE,0.6652340425531914
PAULINA MADRE,0.6652340425531914
PAULO MACHADO DE CARVALHO,0.7865333333333333N
FULVIO ABRAMO,0.659
RUY DE MELLO JUNQUEIRA,0.659
GIANFRANCESCO S B M GUARNIERI,0.8404444444444444
LEDA GUIMARAES NATAL,0.65409375
JAIR TOLEDO XAVIER PROFESSOR,0.697060606060606
LUCIANE DO ESPIRITO SANTO PROFA,0.6457368421052632
REPUBLICA DO SURINAME,0.6652340425531914
THOMAZ RODRIGUES ALCKMIN,0.6652340425531914
JOAO DORIA DEPUTADO,0.6652340425531914
MARISTELA DALL OCA PROF,0.65409375
SABIDINHOS CCI,0.8719285714285715
BIOLOGICO INSTITUTO CCI,0.8719285714285715
CEL JTO A EE BUENOS AIRES,0.7916428571428572
CEL JTO A EE ALEXANDRE DE GUSMAO,0.7521153846153846
CEL JTO A EE LEOPOLDO SANTANA PROFESSOR,0.678825
CEL JTO A EE PAULO EGYDIO O CARVALHO SENADOR,0.7743658536585366
CEL JTO A EE JULIA MACEDO PANTOJA PROFESSORA,0.7622432432432432
IFSP - CAMPUS SAO PAULO,0.7061666666666667
